"","participant","question","probe_position","composer","composer_specified","Ã¼berzeugend","logisch und sinnvoll","interessant","gefÃ¤llt mir","age","gender","musical_identity"
"1",160,"F104","1","ai","gpt",4,5,4,4,35,"f","6-10"
"2",160,"F125","1","ai","gpt",5,4,5,4,35,"f","6-10"
"3",160,"F127","1","ai","magenta",3,3,3,3,35,"f","6-10"
"4",160,"F129","1","ai","magenta",3,3,3,3,35,"f","6-10"
"5",160,"F142","1","ai","magenta",2,1,3,1,35,"f","6-10"
"6",160,"F209","1","hum","hum",2,2,3,3,35,"f","6-10"
"7",160,"F221","1","hum","hum",4,3,4,4,35,"f","6-10"
"8",160,"F226","1","hum","hum",4,4,5,4,35,"f","6-10"
"9",160,"F227","1","hum","hum",4,4,5,4,35,"f","6-10"
"10",160,"F229","1","hum","hum",5,5,4,5,35,"f","6-10"
"11",160,"F315","2","ai","gpt",2,3,3,2,35,"f","6-10"
"12",160,"F316","2","ai","gpt",4,4,4,3,35,"f","6-10"
"13",160,"F336","2","ai","gpt",2,2,4,3,35,"f","6-10"
"14",160,"F350","2","ai","magenta",3,3,3,3,35,"f","6-10"
"15",160,"F360","2","ai","magenta",3,2,3,3,35,"f","6-10"
"16",160,"F401","2","hum","hum",4,4,3,3,35,"f","6-10"
"17",160,"F402","2","hum","hum",3,4,3,4,35,"f","6-10"
"18",160,"F409","2","hum","hum",5,4,4,4,35,"f","6-10"
"19",160,"F414","2","hum","hum",3,3,4,3,35,"f","6-10"
"20",160,"F428","2","hum","hum",5,4,4,4,35,"f","6-10"
"21",164,"F102","1","ai","gpt",2,2,2,1,24,"m","<6"
"22",164,"F115","1","ai","gpt",4,3,2,3,24,"m","<6"
"23",164,"F121","1","ai","gpt",3,3,3,3,24,"m","<6"
"24",164,"F127","1","ai","magenta",4,4,5,5,24,"m","<6"
"25",164,"F145","1","ai","magenta",2,2,5,4,24,"m","<6"
"26",164,"F205","1","hum","hum",2,2,2,1,24,"m","<6"
"27",164,"F212","1","hum","hum",4,4,3,4,24,"m","<6"
"28",164,"F217","1","hum","hum",3,4,2,2,24,"m","<6"
"29",164,"F227","1","hum","hum",4,4,4,4,24,"m","<6"
"30",164,"F228","1","hum","hum",5,5,5,5,24,"m","<6"
"31",164,"F326","2","ai","gpt",2,1,2,2,24,"m","<6"
"32",164,"F333","2","ai","gpt",2,3,5,2,24,"m","<6"
"33",164,"F339","2","ai","magenta",2,2,3,3,24,"m","<6"
"34",164,"F345","2","ai","magenta",4,4,2,2,24,"m","<6"
"35",164,"F354","2","ai","magenta",2,2,2,2,24,"m","<6"
"36",164,"F401","2","hum","hum",5,4,4,5,24,"m","<6"
"37",164,"F405","2","hum","hum",5,5,4,2,24,"m","<6"
"38",164,"F416","2","hum","hum",3,2,5,5,24,"m","<6"
"39",164,"F420","2","hum","hum",4,5,4,3,24,"m","<6"
"40",164,"F424","2","hum","hum",5,5,5,5,24,"m","<6"
"41",166,"F101","1","ai","gpt",1,1,1,1,21,"m","6-10"
"42",166,"F102","1","ai","gpt",1,3,1,1,21,"m","6-10"
"43",166,"F104","1","ai","gpt",2,3,2,2,21,"m","6-10"
"44",166,"F110","1","ai","gpt",2,3,2,2,21,"m","6-10"
"45",166,"F133","1","ai","magenta",2,2,1,2,21,"m","6-10"
"46",166,"F202","1","hum","hum",2,3,2,2,21,"m","6-10"
"47",166,"F210","1","hum","hum",3,3,3,3,21,"m","6-10"
"48",166,"F218","1","hum","hum",3,3,3,3,21,"m","6-10"
"49",166,"F222","1","hum","hum",2,1,2,2,21,"m","6-10"
"50",166,"F228","1","hum","hum",3,3,2,2,21,"m","6-10"
"51",166,"F301","2","ai","gpt",1,2,3,2,21,"m","6-10"
"52",166,"F324","2","ai","gpt",3,3,3,3,21,"m","6-10"
"53",166,"F342","2","ai","magenta",1,1,1,1,21,"m","6-10"
"54",166,"F344","2","ai","magenta",1,1,1,1,21,"m","6-10"
"55",166,"F346","2","ai","magenta",1,1,3,1,21,"m","6-10"
"56",166,"F404","2","hum","hum",4,3,4,4,21,"m","6-10"
"57",166,"F405","2","hum","hum",3,3,3,3,21,"m","6-10"
"58",166,"F407","2","hum","hum",1,1,1,1,21,"m","6-10"
"59",166,"F419","2","hum","hum",3,2,3,2,21,"m","6-10"
"60",166,"F422","2","hum","hum",2,2,2,2,21,"m","6-10"
"61",167,"F106","1","ai","gpt",2,4,3,1,21,"m","<6"
"62",167,"F112","1","ai","gpt",3,1,2,1,21,"m","<6"
"63",167,"F114","1","ai","gpt",1,1,1,1,21,"m","<6"
"64",167,"F138","1","ai","magenta",2,3,1,1,21,"m","<6"
"65",167,"F143","1","ai","magenta",2,1,3,1,21,"m","<6"
"66",167,"F202","1","hum","hum",4,4,3,4,21,"m","<6"
"67",167,"F204","1","hum","hum",1,4,2,3,21,"m","<6"
"68",167,"F211","1","hum","hum",4,5,5,4,21,"m","<6"
"69",167,"F213","1","hum","hum",4,3,4,3,21,"m","<6"
"70",167,"F225","1","hum","hum",3,3,4,3,21,"m","<6"
"71",167,"F311","2","ai","gpt",1,2,3,2,21,"m","<6"
"72",167,"F314","2","ai","gpt",2,2,3,3,21,"m","<6"
"73",167,"F315","2","ai","gpt",4,2,4,3,21,"m","<6"
"74",167,"F325","2","ai","gpt",1,3,1,2,21,"m","<6"
"75",167,"F341","2","ai","magenta",3,4,2,3,21,"m","<6"
"76",167,"F406","2","hum","hum",1,4,3,3,21,"m","<6"
"77",167,"F408","2","hum","hum",3,3,4,1,21,"m","<6"
"78",167,"F419","2","hum","hum",3,4,2,1,21,"m","<6"
"79",167,"F420","2","hum","hum",3,4,2,3,21,"m","<6"
"80",167,"F427","2","hum","hum",2,2,2,3,21,"m","<6"
"81",170,"F101","1","ai","gpt",1,2,4,2,29,"m","<6"
"82",170,"F102","1","ai","gpt",1,3,1,1,29,"m","<6"
"83",170,"F112","1","ai","gpt",3,3,3,2,29,"m","<6"
"84",170,"F118","1","ai","gpt",3,4,3,2,29,"m","<6"
"85",170,"F142","1","ai","magenta",1,1,1,1,29,"m","<6"
"86",170,"F202","1","hum","hum",3,3,4,2,29,"m","<6"
"87",170,"F204","1","hum","hum",1,1,1,1,29,"m","<6"
"88",170,"F206","1","hum","hum",5,5,4,5,29,"m","<6"
"89",170,"F211","1","hum","hum",4,2,4,3,29,"m","<6"
"90",170,"F213","1","hum","hum",4,4,4,4,29,"m","<6"
"91",170,"F327","2","ai","gpt",3,3,3,3,29,"m","<6"
"92",170,"F328","2","ai","gpt",1,1,1,1,29,"m","<6"
"93",170,"F332","2","ai","gpt",1,1,4,1,29,"m","<6"
"94",170,"F338","2","ai","magenta",1,1,4,2,29,"m","<6"
"95",170,"F343","2","ai","magenta",1,2,1,1,29,"m","<6"
"96",170,"F408","2","hum","hum",4,4,4,3,29,"m","<6"
"97",170,"F410","2","hum","hum",4,5,3,4,29,"m","<6"
"98",170,"F411","2","hum","hum",3,4,4,3,29,"m","<6"
"99",170,"F421","2","hum","hum",3,3,3,3,29,"m","<6"
"100",170,"F426","2","hum","hum",3,3,3,2,29,"m","<6"
"101",171,"F114","1","ai","gpt",1,1,3,1,20,"m","6-10"
"102",171,"F117","1","ai","gpt",3,4,2,3,20,"m","6-10"
"103",171,"F123","1","ai","gpt",1,2,1,2,20,"m","6-10"
"104",171,"F129","1","ai","magenta",3,3,2,2,20,"m","6-10"
"105",171,"F134","1","ai","magenta",1,1,1,1,20,"m","6-10"
"106",171,"F202","1","hum","hum",5,5,5,5,20,"m","6-10"
"107",171,"F204","1","hum","hum",3,3,3,3,20,"m","6-10"
"108",171,"F206","1","hum","hum",4,3,4,3,20,"m","6-10"
"109",171,"F215","1","hum","hum",4,4,4,4,20,"m","6-10"
"110",171,"F223","1","hum","hum",5,5,5,5,20,"m","6-10"
"111",171,"F321","2","ai","gpt",1,1,3,1,20,"m","6-10"
"112",171,"F327","2","ai","gpt",3,2,2,3,20,"m","6-10"
"113",171,"F331","2","ai","gpt",3,4,5,4,20,"m","6-10"
"114",171,"F345","2","ai","magenta",1,1,3,1,20,"m","6-10"
"115",171,"F352","2","ai","magenta",2,3,1,1,20,"m","6-10"
"116",171,"F401","2","hum","hum",5,5,2,4,20,"m","6-10"
"117",171,"F409","2","hum","hum",2,2,4,2,20,"m","6-10"
"118",171,"F410","2","hum","hum",5,5,5,4,20,"m","6-10"
"119",171,"F411","2","hum","hum",5,5,5,5,20,"m","6-10"
"120",171,"F422","2","hum","hum",5,4,4,5,20,"m","6-10"
"121",172,"F111","1","ai","gpt",3,3,3,3,22,"f","<6"
"122",172,"F131","1","ai","magenta",2,2,4,2,22,"f","<6"
"123",172,"F137","1","ai","magenta",1,1,3,1,22,"f","<6"
"124",172,"F146","1","ai","magenta",1,1,3,2,22,"f","<6"
"125",172,"F148","1","ai","magenta",3,2,2,2,22,"f","<6"
"126",172,"F203","1","hum","hum",4,4,4,4,22,"f","<6"
"127",172,"F204","1","hum","hum",3,3,3,3,22,"f","<6"
"128",172,"F205","1","hum","hum",4,2,4,4,22,"f","<6"
"129",172,"F213","1","hum","hum",5,3,4,4,22,"f","<6"
"130",172,"F220","1","hum","hum",4,3,5,4,22,"f","<6"
"131",172,"F304","2","ai","gpt",2,1,2,1,22,"f","<6"
"132",172,"F306","2","ai","gpt",2,1,3,2,22,"f","<6"
"133",172,"F310","2","ai","gpt",2,2,2,2,22,"f","<6"
"134",172,"F314","2","ai","gpt",3,2,3,1,22,"f","<6"
"135",172,"F334","2","ai","gpt",3,2,4,3,22,"f","<6"
"136",172,"F405","2","hum","hum",4,4,4,3,22,"f","<6"
"137",172,"F408","2","hum","hum",4,3,4,4,22,"f","<6"
"138",172,"F420","2","hum","hum",4,4,4,4,22,"f","<6"
"139",172,"F421","2","hum","hum",3,4,3,2,22,"f","<6"
"140",172,"F424","2","hum","hum",4,4,4,4,22,"f","<6"
"141",173,"F106","1","ai","gpt",1,4,1,1,22,"f","6-10"
"142",173,"F113","1","ai","gpt",1,3,1,1,22,"f","6-10"
"143",173,"F123","1","ai","gpt",2,4,2,2,22,"f","6-10"
"144",173,"F140","1","ai","magenta",1,3,1,1,22,"f","6-10"
"145",173,"F145","1","ai","magenta",2,4,2,2,22,"f","6-10"
"146",173,"F214","1","hum","hum",4,5,4,4,22,"f","6-10"
"147",173,"F216","1","hum","hum",4,4,3,3,22,"f","6-10"
"148",173,"F218","1","hum","hum",3,4,3,3,22,"f","6-10"
"149",173,"F220","1","hum","hum",3,5,3,3,22,"f","6-10"
"150",173,"F222","1","hum","hum",2,4,2,2,22,"f","6-10"
"151",173,"F308","2","ai","gpt",2,3,1,1,22,"f","6-10"
"152",173,"F320","2","ai","gpt",3,3,3,2,22,"f","6-10"
"153",173,"F341","2","ai","magenta",2,2,2,1,22,"f","6-10"
"154",173,"F344","2","ai","magenta",1,2,1,1,22,"f","6-10"
"155",173,"F358","2","ai","magenta",2,2,3,1,22,"f","6-10"
"156",173,"F401","2","hum","hum",3,5,2,2,22,"f","6-10"
"157",173,"F402","2","hum","hum",2,3,2,2,22,"f","6-10"
"158",173,"F404","2","hum","hum",4,5,4,3,22,"f","6-10"
"159",173,"F414","2","hum","hum",3,4,4,3,22,"f","6-10"
"160",173,"F423","2","hum","hum",3,4,3,3,22,"f","6-10"
"161",174,"F114","1","ai","gpt",3,4,2,3,21,"m",">10"
"162",174,"F125","1","ai","gpt",3,4,5,4,21,"m",">10"
"163",174,"F132","1","ai","magenta",1,1,1,1,21,"m",">10"
"164",174,"F135","1","ai","magenta",1,1,2,2,21,"m",">10"
"165",174,"F148","1","ai","magenta",3,3,3,1,21,"m",">10"
"166",174,"F202","1","hum","hum",4,5,5,5,21,"m",">10"
"167",174,"F216","1","hum","hum",5,5,4,4,21,"m",">10"
"168",174,"F217","1","hum","hum",3,3,4,4,21,"m",">10"
"169",174,"F221","1","hum","hum",4,5,4,4,21,"m",">10"
"170",174,"F229","1","hum","hum",4,5,3,5,21,"m",">10"
"171",174,"F308","2","ai","gpt",3,4,3,2,21,"m",">10"
"172",174,"F310","2","ai","gpt",3,2,3,2,21,"m",">10"
"173",174,"F314","2","ai","gpt",5,5,5,4,21,"m",">10"
"174",174,"F321","2","ai","gpt",3,3,3,4,21,"m",">10"
"175",174,"F350","2","ai","magenta",3,4,3,3,21,"m",">10"
"176",174,"F401","2","hum","hum",5,5,3,5,21,"m",">10"
"177",174,"F402","2","hum","hum",4,3,4,3,21,"m",">10"
"178",174,"F403","2","hum","hum",5,5,4,3,21,"m",">10"
"179",174,"F404","2","hum","hum",4,5,4,3,21,"m",">10"
"180",174,"F418","2","hum","hum",5,4,5,4,21,"m",">10"
"181",175,"F107","1","ai","gpt",4,4,4,4,27,"m","6-10"
"182",175,"F108","1","ai","gpt",4,4,3,3,27,"m","6-10"
"183",175,"F113","1","ai","gpt",2,2,1,3,27,"m","6-10"
"184",175,"F140","1","ai","magenta",2,2,1,2,27,"m","6-10"
"185",175,"F149","1","ai","magenta",1,1,2,2,27,"m","6-10"
"186",175,"F203","1","hum","hum",2,4,2,3,27,"m","6-10"
"187",175,"F204","1","hum","hum",3,3,3,3,27,"m","6-10"
"188",175,"F213","1","hum","hum",4,4,4,4,27,"m","6-10"
"189",175,"F220","1","hum","hum",4,5,4,4,27,"m","6-10"
"190",175,"F229","1","hum","hum",4,5,4,4,27,"m","6-10"
"191",175,"F304","2","ai","gpt",4,3,3,4,27,"m","6-10"
"192",175,"F314","2","ai","gpt",4,5,4,4,27,"m","6-10"
"193",175,"F331","2","ai","gpt",1,2,2,2,27,"m","6-10"
"194",175,"F335","2","ai","gpt",2,3,2,2,27,"m","6-10"
"195",175,"F352","2","ai","magenta",3,2,1,2,27,"m","6-10"
"196",175,"F403","2","hum","hum",5,5,3,4,27,"m","6-10"
"197",175,"F406","2","hum","hum",5,5,5,5,27,"m","6-10"
"198",175,"F408","2","hum","hum",5,4,4,4,27,"m","6-10"
"199",175,"F425","2","hum","hum",2,2,2,2,27,"m","6-10"
"200",175,"F428","2","hum","hum",4,4,4,4,27,"m","6-10"
"201",176,"F115","1","ai","gpt",1,2,1,1,22,"f","<6"
"202",176,"F121","1","ai","gpt",2,3,2,1,22,"f","<6"
"203",176,"F140","1","ai","magenta",1,1,1,1,22,"f","<6"
"204",176,"F145","1","ai","magenta",1,1,2,1,22,"f","<6"
"205",176,"F149","1","ai","magenta",1,1,2,1,22,"f","<6"
"206",176,"F211","1","hum","hum",3,4,4,3,22,"f","<6"
"207",176,"F214","1","hum","hum",2,3,1,2,22,"f","<6"
"208",176,"F216","1","hum","hum",3,4,2,3,22,"f","<6"
"209",176,"F223","1","hum","hum",5,5,5,5,22,"f","<6"
"210",176,"F228","1","hum","hum",4,5,4,4,22,"f","<6"
"211",176,"F307","2","ai","gpt",1,2,2,1,22,"f","<6"
"212",176,"F326","2","ai","gpt",1,1,3,1,22,"f","<6"
"213",176,"F356","2","ai","magenta",1,1,1,1,22,"f","<6"
"214",176,"F359","2","ai","magenta",2,2,2,2,22,"f","<6"
"215",176,"F402","2","hum","hum",2,3,3,3,22,"f","<6"
"216",176,"F410","2","hum","hum",5,5,4,4,22,"f","<6"
"217",176,"F414","2","hum","hum",4,5,4,4,22,"f","<6"
"218",176,"F422","2","hum","hum",3,4,3,3,22,"f","<6"
"219",176,"F428","2","hum","hum",4,4,3,3,22,"f","<6"
"220",181,"F114","1","ai","gpt",2,2,3,1,67,"m",">10"
"221",181,"F129","1","ai","magenta",1,2,2,2,67,"m",">10"
"222",181,"F133","1","ai","magenta",2,2,4,2,67,"m",">10"
"223",181,"F145","1","ai","magenta",2,1,4,2,67,"m",">10"
"224",181,"F146","1","ai","magenta",2,1,3,2,67,"m",">10"
"225",181,"F206","1","hum","hum",5,5,4,4,67,"m",">10"
"226",181,"F208","1","hum","hum",3,4,4,4,67,"m",">10"
"227",181,"F218","1","hum","hum",4,4,4,4,67,"m",">10"
"228",181,"F220","1","hum","hum",3,4,4,3,67,"m",">10"
"229",181,"F221","1","hum","hum",5,5,3,4,67,"m",">10"
"230",181,"F329","2","ai","gpt",2,1,2,2,67,"m",">10"
"231",181,"F332","2","ai","gpt",2,1,2,2,67,"m",">10"
"232",181,"F333","2","ai","gpt",2,1,1,2,67,"m",">10"
"233",181,"F344","2","ai","magenta",3,4,3,4,67,"m",">10"
"234",181,"F403","2","hum","hum",3,2,2,3,67,"m",">10"
"235",181,"F405","2","hum","hum",4,3,5,4,67,"m",">10"
"236",181,"F410","2","hum","hum",4,4,4,4,67,"m",">10"
"237",181,"F412","2","hum","hum",4,4,4,4,67,"m",">10"
"238",181,"F424","2","hum","hum",4,4,4,4,67,"m",">10"
"239",184,"F106","1","ai","gpt",1,1,2,1,45,"m",">10"
"240",184,"F107","1","ai","gpt",3,3,4,3,45,"m",">10"
"241",184,"F118","1","ai","gpt",4,4,5,5,45,"m",">10"
"242",184,"F126","1","ai","magenta",1,1,2,2,45,"m",">10"
"243",184,"F128","1","ai","magenta",1,2,2,1,45,"m",">10"
"244",184,"F208","1","hum","hum",2,4,3,3,45,"m",">10"
"245",184,"F209","1","hum","hum",5,4,5,4,45,"m",">10"
"246",184,"F210","1","hum","hum",3,3,3,3,45,"m",">10"
"247",184,"F216","1","hum","hum",4,5,3,3,45,"m",">10"
"248",184,"F226","1","hum","hum",3,3,3,3,45,"m",">10"
"249",184,"F315","2","ai","gpt",2,3,3,2,45,"m",">10"
"250",184,"F328","2","ai","gpt",3,3,5,4,45,"m",">10"
"251",184,"F338","2","ai","magenta",1,1,1,1,45,"m",">10"
"252",184,"F349","2","ai","magenta",1,1,2,1,45,"m",">10"
"253",184,"F358","2","ai","magenta",1,2,3,2,45,"m",">10"
"254",184,"F411","2","hum","hum",4,4,5,4,45,"m",">10"
"255",184,"F412","2","hum","hum",2,3,3,2,45,"m",">10"
"256",184,"F416","2","hum","hum",4,3,5,4,45,"m",">10"
"257",184,"F426","2","hum","hum",4,3,5,4,45,"m",">10"
"258",184,"F427","2","hum","hum",4,3,4,3,45,"m",">10"
"259",186,"F112","1","ai","gpt",2,2,2,2,29,"m",">10"
"260",186,"F120","1","ai","gpt",3,3,4,2,29,"m",">10"
"261",186,"F129","1","ai","magenta",1,2,2,1,29,"m",">10"
"262",186,"F132","1","ai","magenta",1,1,1,1,29,"m",">10"
"263",186,"F142","1","ai","magenta",2,2,2,2,29,"m",">10"
"264",186,"F201","1","hum","hum",2,2,3,2,29,"m",">10"
"265",186,"F211","1","hum","hum",3,3,3,3,29,"m",">10"
"266",186,"F217","1","hum","hum",4,4,3,3,29,"m",">10"
"267",186,"F220","1","hum","hum",2,2,3,2,29,"m",">10"
"268",186,"F224","1","hum","hum",1,2,3,2,29,"m",">10"
"269",186,"F306","2","ai","gpt",2,2,3,2,29,"m",">10"
"270",186,"F322","2","ai","gpt",1,1,2,1,29,"m",">10"
"271",186,"F328","2","ai","gpt",2,2,3,1,29,"m",">10"
"272",186,"F329","2","ai","gpt",1,2,3,1,29,"m",">10"
"273",186,"F342","2","ai","magenta",2,1,1,1,29,"m",">10"
"274",186,"F401","2","hum","hum",4,4,2,3,29,"m",">10"
"275",186,"F402","2","hum","hum",3,3,3,3,29,"m",">10"
"276",186,"F404","2","hum","hum",3,4,5,3,29,"m",">10"
"277",186,"F414","2","hum","hum",2,2,3,3,29,"m",">10"
"278",186,"F419","2","hum","hum",3,3,4,3,29,"m",">10"
"279",187,"F101","1","ai","gpt",1,2,2,1,33,"m","6-10"
"280",187,"F123","1","ai","gpt",2,2,4,3,33,"m","6-10"
"281",187,"F128","1","ai","magenta",1,1,1,1,33,"m","6-10"
"282",187,"F138","1","ai","magenta",1,1,1,1,33,"m","6-10"
"283",187,"F149","1","ai","magenta",1,1,1,1,33,"m","6-10"
"284",187,"F201","1","hum","hum",4,4,4,4,33,"m","6-10"
"285",187,"F212","1","hum","hum",2,2,3,3,33,"m","6-10"
"286",187,"F215","1","hum","hum",3,4,3,3,33,"m","6-10"
"287",187,"F222","1","hum","hum",3,4,3,4,33,"m","6-10"
"288",187,"F228","1","hum","hum",3,3,2,2,33,"m","6-10"
"289",187,"F301","2","ai","gpt",2,3,2,2,33,"m","6-10"
"290",187,"F322","2","ai","gpt",2,2,2,2,33,"m","6-10"
"291",187,"F326","2","ai","gpt",2,3,2,2,33,"m","6-10"
"292",187,"F336","2","ai","gpt",1,1,1,2,33,"m","6-10"
"293",187,"F357","2","ai","magenta",1,1,1,1,33,"m","6-10"
"294",187,"F401","2","hum","hum",4,4,2,3,33,"m","6-10"
"295",187,"F406","2","hum","hum",3,4,4,3,33,"m","6-10"
"296",187,"F414","2","hum","hum",3,3,3,3,33,"m","6-10"
"297",187,"F417","2","hum","hum",2,2,2,2,33,"m","6-10"
"298",187,"F425","2","hum","hum",2,2,2,2,33,"m","6-10"
"299",188,"F102","1","ai","gpt",2,2,1,1,24,"m","6-10"
"300",188,"F105","1","ai","gpt",1,1,2,1,24,"m","6-10"
"301",188,"F108","1","ai","gpt",1,1,1,1,24,"m","6-10"
"302",188,"F117","1","ai","gpt",1,1,2,1,24,"m","6-10"
"303",188,"F142","1","ai","magenta",2,3,3,2,24,"m","6-10"
"304",188,"F204","1","hum","hum",1,1,1,1,24,"m","6-10"
"305",188,"F213","1","hum","hum",4,4,4,4,24,"m","6-10"
"306",188,"F218","1","hum","hum",4,5,4,2,24,"m","6-10"
"307",188,"F221","1","hum","hum",5,5,5,5,24,"m","6-10"
"308",188,"F224","1","hum","hum",1,2,2,2,24,"m","6-10"
"309",188,"F303","2","ai","gpt",4,4,5,3,24,"m","6-10"
"310",188,"F315","2","ai","gpt",1,2,1,1,24,"m","6-10"
"311",188,"F345","2","ai","magenta",2,2,2,2,24,"m","6-10"
"312",188,"F346","2","ai","magenta",1,1,1,1,24,"m","6-10"
"313",188,"F347","2","ai","magenta",1,1,3,1,24,"m","6-10"
"314",188,"F402","2","hum","hum",2,3,3,2,24,"m","6-10"
"315",188,"F405","2","hum","hum",3,4,3,3,24,"m","6-10"
"316",188,"F422","2","hum","hum",5,5,5,5,24,"m","6-10"
"317",188,"F424","2","hum","hum",4,5,4,3,24,"m","6-10"
"318",188,"F427","2","hum","hum",3,5,4,2,24,"m","6-10"
"319",189,"F108","1","ai","gpt",3,3,4,3,25,"m",">10"
"320",189,"F110","1","ai","gpt",2,2,2,2,25,"m",">10"
"321",189,"F116","1","ai","gpt",5,4,4,5,25,"m",">10"
"322",189,"F117","1","ai","gpt",4,4,4,4,25,"m",">10"
"323",189,"F129","1","ai","magenta",2,2,3,2,25,"m",">10"
"324",189,"F202","1","hum","hum",3,3,4,4,25,"m",">10"
"325",189,"F206","1","hum","hum",2,3,2,2,25,"m",">10"
"326",189,"F210","1","hum","hum",4,4,4,3,25,"m",">10"
"327",189,"F223","1","hum","hum",4,4,3,4,25,"m",">10"
"328",189,"F225","1","hum","hum",4,4,4,3,25,"m",">10"
"329",189,"F314","2","ai","gpt",2,2,2,2,25,"m",">10"
"330",189,"F347","2","ai","magenta",1,1,1,1,25,"m",">10"
"331",189,"F348","2","ai","magenta",3,3,3,3,25,"m",">10"
"332",189,"F353","2","ai","magenta",1,1,2,1,25,"m",">10"
"333",189,"F357","2","ai","magenta",1,1,2,1,25,"m",">10"
"334",189,"F403","2","hum","hum",2,2,2,2,25,"m",">10"
"335",189,"F405","2","hum","hum",4,4,4,4,25,"m",">10"
"336",189,"F413","2","hum","hum",2,2,3,2,25,"m",">10"
"337",189,"F419","2","hum","hum",4,4,3,4,25,"m",">10"
"338",189,"F425","2","hum","hum",2,2,2,3,25,"m",">10"
"339",190,"F107","1","ai","gpt",2,2,1,2,24,"m",">10"
"340",190,"F115","1","ai","gpt",2,1,4,2,24,"m",">10"
"341",190,"F117","1","ai","gpt",1,1,2,2,24,"m",">10"
"342",190,"F121","1","ai","gpt",1,1,2,2,24,"m",">10"
"343",190,"F132","1","ai","magenta",1,2,2,1,24,"m",">10"
"344",190,"F201","1","hum","hum",4,2,3,3,24,"m",">10"
"345",190,"F202","1","hum","hum",3,4,3,2,24,"m",">10"
"346",190,"F208","1","hum","hum",4,4,4,4,24,"m",">10"
"347",190,"F217","1","hum","hum",4,4,3,4,24,"m",">10"
"348",190,"F226","1","hum","hum",4,5,2,3,24,"m",">10"
"349",190,"F305","2","ai","gpt",2,1,2,1,24,"m",">10"
"350",190,"F312","2","ai","gpt",1,2,3,2,24,"m",">10"
"351",190,"F343","2","ai","magenta",1,1,2,1,24,"m",">10"
"352",190,"F347","2","ai","magenta",1,1,1,1,24,"m",">10"
"353",190,"F349","2","ai","magenta",1,2,1,2,24,"m",">10"
"354",190,"F405","2","hum","hum",3,2,2,2,24,"m",">10"
"355",190,"F408","2","hum","hum",5,5,4,4,24,"m",">10"
"356",190,"F412","2","hum","hum",2,2,2,1,24,"m",">10"
"357",190,"F417","2","hum","hum",1,2,1,2,24,"m",">10"
"358",190,"F424","2","hum","hum",5,5,3,4,24,"m",">10"
"359",191,"F108","1","ai","gpt",2,2,3,2,27,"m",">10"
"360",191,"F125","1","ai","gpt",3,3,4,3,27,"m",">10"
"361",191,"F134","1","ai","magenta",2,2,2,2,27,"m",">10"
"362",191,"F139","1","ai","magenta",2,3,2,2,27,"m",">10"
"363",191,"F146","1","ai","magenta",1,1,1,1,27,"m",">10"
"364",191,"F203","1","hum","hum",3,3,3,3,27,"m",">10"
"365",191,"F205","1","hum","hum",3,3,3,3,27,"m",">10"
"366",191,"F209","1","hum","hum",2,2,3,2,27,"m",">10"
"367",191,"F222","1","hum","hum",2,2,2,2,27,"m",">10"
"368",191,"F224","1","hum","hum",2,3,2,3,27,"m",">10"
"369",191,"F322","2","ai","gpt",2,2,1,2,27,"m",">10"
"370",191,"F331","2","ai","gpt",1,1,2,1,27,"m",">10"
"371",191,"F341","2","ai","magenta",2,2,2,2,27,"m",">10"
"372",191,"F348","2","ai","magenta",2,3,2,2,27,"m",">10"
"373",191,"F353","2","ai","magenta",2,2,3,2,27,"m",">10"
"374",191,"F401","2","hum","hum",4,4,3,4,27,"m",">10"
"375",191,"F408","2","hum","hum",4,3,4,3,27,"m",">10"
"376",191,"F417","2","hum","hum",2,2,2,2,27,"m",">10"
"377",191,"F418","2","hum","hum",4,4,4,4,27,"m",">10"
"378",191,"F422","2","hum","hum",4,4,4,4,27,"m",">10"
"379",192,"F106","1","ai","gpt",5,4,3,4,24,"m",">10"
"380",192,"F116","1","ai","gpt",1,2,2,2,24,"m",">10"
"381",192,"F130","1","ai","magenta",1,2,1,1,24,"m",">10"
"382",192,"F134","1","ai","magenta",1,1,1,1,24,"m",">10"
"383",192,"F136","1","ai","magenta",2,2,4,3,24,"m",">10"
"384",192,"F205","1","hum","hum",4,4,4,4,24,"m",">10"
"385",192,"F206","1","hum","hum",2,3,3,2,24,"m",">10"
"386",192,"F217","1","hum","hum",5,5,4,4,24,"m",">10"
"387",192,"F219","1","hum","hum",2,2,3,2,24,"m",">10"
"388",192,"F223","1","hum","hum",4,4,3,3,24,"m",">10"
"389",192,"F311","2","ai","gpt",1,1,1,1,24,"m",">10"
"390",192,"F314","2","ai","gpt",2,1,3,2,24,"m",">10"
"391",192,"F317","2","ai","gpt",3,3,2,3,24,"m",">10"
"392",192,"F344","2","ai","magenta",1,1,1,1,24,"m",">10"
"393",192,"F348","2","ai","magenta",1,1,1,1,24,"m",">10"
"394",192,"F402","2","hum","hum",3,3,2,3,24,"m",">10"
"395",192,"F410","2","hum","hum",5,5,5,4,24,"m",">10"
"396",192,"F414","2","hum","hum",2,4,3,2,24,"m",">10"
"397",192,"F417","2","hum","hum",3,2,3,2,24,"m",">10"
"398",192,"F427","2","hum","hum",4,4,4,4,24,"m",">10"
"399",193,"F110","1","ai","gpt",2,2,2,3,23,"m",">10"
"400",193,"F122","1","ai","gpt",2,2,2,2,23,"m",">10"
"401",193,"F125","1","ai","gpt",2,1,5,2,23,"m",">10"
"402",193,"F137","1","ai","magenta",2,2,1,2,23,"m",">10"
"403",193,"F140","1","ai","magenta",3,2,4,3,23,"m",">10"
"404",193,"F203","1","hum","hum",2,2,4,2,23,"m",">10"
"405",193,"F205","1","hum","hum",5,5,5,5,23,"m",">10"
"406",193,"F215","1","hum","hum",3,3,4,3,23,"m",">10"
"407",193,"F219","1","hum","hum",4,4,4,4,23,"m",">10"
"408",193,"F222","1","hum","hum",4,4,5,4,23,"m",">10"
"409",193,"F308","2","ai","gpt",3,4,3,4,23,"m",">10"
"410",193,"F313","2","ai","gpt",2,2,2,2,23,"m",">10"
"411",193,"F324","2","ai","gpt",3,3,3,3,23,"m",">10"
"412",193,"F341","2","ai","magenta",2,2,2,2,23,"m",">10"
"413",193,"F361","2","ai","magenta",1,1,1,1,23,"m",">10"
"414",193,"F415","2","hum","hum",4,5,4,5,23,"m",">10"
"415",193,"F417","2","hum","hum",4,4,4,4,23,"m",">10"
"416",193,"F419","2","hum","hum",5,5,4,5,23,"m",">10"
"417",193,"F424","2","hum","hum",5,5,5,5,23,"m",">10"
"418",193,"F426","2","hum","hum",5,5,4,4,23,"m",">10"
"419",194,"F125","1","ai","gpt",4,2,3,3,23,"m",">10"
"420",194,"F136","1","ai","magenta",2,2,3,3,23,"m",">10"
"421",194,"F140","1","ai","magenta",4,3,3,3,23,"m",">10"
"422",194,"F142","1","ai","magenta",2,2,3,2,23,"m",">10"
"423",194,"F148","1","ai","magenta",2,1,2,2,23,"m",">10"
"424",194,"F201","1","hum","hum",4,4,3,5,23,"m",">10"
"425",194,"F203","1","hum","hum",4,4,4,4,23,"m",">10"
"426",194,"F206","1","hum","hum",4,4,4,4,23,"m",">10"
"427",194,"F211","1","hum","hum",4,4,4,4,23,"m",">10"
"428",194,"F218","1","hum","hum",4,4,4,4,23,"m",">10"
"429",194,"F308","2","ai","gpt",2,2,2,2,23,"m",">10"
"430",194,"F324","2","ai","gpt",2,2,4,3,23,"m",">10"
"431",194,"F331","2","ai","gpt",2,3,2,2,23,"m",">10"
"432",194,"F336","2","ai","gpt",1,1,1,1,23,"m",">10"
"433",194,"F341","2","ai","magenta",4,4,4,4,23,"m",">10"
"434",194,"F405","2","hum","hum",3,3,3,3,23,"m",">10"
"435",194,"F408","2","hum","hum",4,3,4,4,23,"m",">10"
"436",194,"F410","2","hum","hum",4,4,4,4,23,"m",">10"
"437",194,"F422","2","hum","hum",4,4,4,4,23,"m",">10"
"438",194,"F423","2","hum","hum",4,4,4,4,23,"m",">10"
"439",205,"F102","1","ai","gpt",3,3,2,3,22,"f",">10"
"440",205,"F123","1","ai","gpt",3,2,3,2,22,"f",">10"
"441",205,"F129","1","ai","magenta",3,3,2,2,22,"f",">10"
"442",205,"F131","1","ai","magenta",2,2,2,1,22,"f",">10"
"443",205,"F135","1","ai","magenta",3,2,3,2,22,"f",">10"
"444",205,"F211","1","hum","hum",5,5,5,5,22,"f",">10"
"445",205,"F214","1","hum","hum",3,3,2,2,22,"f",">10"
"446",205,"F218","1","hum","hum",4,5,4,5,22,"f",">10"
"447",205,"F223","1","hum","hum",4,5,3,4,22,"f",">10"
"448",205,"F229","1","hum","hum",4,4,4,5,22,"f",">10"
"449",205,"F306","2","ai","gpt",4,4,4,4,22,"f",">10"
"450",205,"F307","2","ai","gpt",4,3,4,4,22,"f",">10"
"451",205,"F308","2","ai","gpt",3,3,2,3,22,"f",">10"
"452",205,"F328","2","ai","gpt",3,2,3,2,22,"f",">10"
"453",205,"F329","2","ai","gpt",3,2,3,2,22,"f",">10"
"454",205,"F408","2","hum","hum",3,4,3,3,22,"f",">10"
"455",205,"F411","2","hum","hum",4,4,4,4,22,"f",">10"
"456",205,"F417","2","hum","hum",4,4,3,4,22,"f",">10"
"457",205,"F427","2","hum","hum",4,4,2,4,22,"f",">10"
"458",205,"F428","2","hum","hum",5,5,5,4,22,"f",">10"
"459",206,"F101","1","ai","gpt",1,1,2,2,64,"m",">10"
"460",206,"F105","1","ai","gpt",1,1,1,1,64,"m",">10"
"461",206,"F118","1","ai","gpt",2,1,2,2,64,"m",">10"
"462",206,"F142","1","ai","magenta",1,1,1,1,64,"m",">10"
"463",206,"F149","1","ai","magenta",1,1,1,1,64,"m",">10"
"464",206,"F201","1","hum","hum",1,1,1,1,64,"m",">10"
"465",206,"F212","1","hum","hum",4,4,4,4,64,"m",">10"
"466",206,"F215","1","hum","hum",3,3,2,3,64,"m",">10"
"467",206,"F217","1","hum","hum",1,1,1,1,64,"m",">10"
"468",206,"F226","1","hum","hum",4,4,4,3,64,"m",">10"
"469",206,"F318","2","ai","gpt",1,1,1,1,64,"m",">10"
"470",206,"F319","2","ai","gpt",1,1,1,1,64,"m",">10"
"471",206,"F340","2","ai","magenta",1,1,1,1,64,"m",">10"
"472",206,"F346","2","ai","magenta",1,1,1,1,64,"m",">10"
"473",206,"F361","2","ai","magenta",1,1,1,1,64,"m",">10"
"474",206,"F402","2","hum","hum",3,2,3,2,64,"m",">10"
"475",206,"F409","2","hum","hum",3,3,3,3,64,"m",">10"
"476",206,"F422","2","hum","hum",4,5,4,5,64,"m",">10"
"477",206,"F423","2","hum","hum",2,4,3,3,64,"m",">10"
"478",206,"F424","2","hum","hum",5,4,4,4,64,"m",">10"
"479",207,"F101","1","ai","gpt",2,3,2,2,33,"f",">10"
"480",207,"F110","1","ai","gpt",3,4,3,2,33,"f",">10"
"481",207,"F128","1","ai","magenta",1,1,1,1,33,"f",">10"
"482",207,"F129","1","ai","magenta",1,1,2,1,33,"f",">10"
"483",207,"F134","1","ai","magenta",1,1,1,1,33,"f",">10"
"484",207,"F203","1","hum","hum",4,5,3,4,33,"f",">10"
"485",207,"F218","1","hum","hum",4,4,4,4,33,"f",">10"
"486",207,"F222","1","hum","hum",3,3,3,3,33,"f",">10"
"487",207,"F225","1","hum","hum",4,5,4,4,33,"f",">10"
"488",207,"F226","1","hum","hum",4,4,4,4,33,"f",">10"
"489",207,"F313","2","ai","gpt",3,3,2,3,33,"f",">10"
"490",207,"F329","2","ai","gpt",1,3,1,3,33,"f",">10"
"491",207,"F334","2","ai","gpt",2,4,2,2,33,"f",">10"
"492",207,"F335","2","ai","gpt",2,2,2,2,33,"f",">10"
"493",207,"F406","2","hum","hum",5,5,5,5,33,"f",">10"
"494",207,"F412","2","hum","hum",3,5,2,4,33,"f",">10"
"495",207,"F413","2","hum","hum",5,5,4,5,33,"f",">10"
"496",207,"F424","2","hum","hum",3,3,2,3,33,"f",">10"
"497",207,"F426","2","hum","hum",2,4,2,4,33,"f",">10"
"498",219,"F102","1","ai","gpt",2,2,1,1,21,"f","6-10"
"499",219,"F114","1","ai","gpt",1,2,1,1,21,"f","6-10"
"500",219,"F121","1","ai","gpt",2,1,1,1,21,"f","6-10"
"501",219,"F136","1","ai","magenta",3,5,2,2,21,"f","6-10"
"502",219,"F144","1","ai","magenta",2,2,2,2,21,"f","6-10"
"503",219,"F205","1","hum","hum",4,4,4,3,21,"f","6-10"
"504",219,"F217","1","hum","hum",4,4,4,3,21,"f","6-10"
"505",219,"F218","1","hum","hum",5,3,5,5,21,"f","6-10"
"506",219,"F219","1","hum","hum",5,5,5,5,21,"f","6-10"
"507",219,"F220","1","hum","hum",4,3,4,4,21,"f","6-10"
"508",219,"F322","2","ai","gpt",3,4,3,2,21,"f","6-10"
"509",219,"F331","2","ai","gpt",1,1,1,1,21,"f","6-10"
"510",219,"F342","2","ai","magenta",1,1,1,1,21,"f","6-10"
"511",219,"F353","2","ai","magenta",3,3,3,3,21,"f","6-10"
"512",219,"F361","2","ai","magenta",3,2,2,2,21,"f","6-10"
"513",219,"F404","2","hum","hum",5,5,5,5,21,"f","6-10"
"514",219,"F405","2","hum","hum",4,2,3,2,21,"f","6-10"
"515",219,"F420","2","hum","hum",5,5,5,5,21,"f","6-10"
"516",219,"F424","2","hum","hum",5,5,5,5,21,"f","6-10"
"517",219,"F428","2","hum","hum",4,4,4,4,21,"f","6-10"
"518",220,"F116","1","ai","gpt",2,4,3,2,23,"m","6-10"
"519",220,"F127","1","ai","magenta",2,3,2,2,23,"m","6-10"
"520",220,"F134","1","ai","magenta",2,2,3,2,23,"m","6-10"
"521",220,"F145","1","ai","magenta",2,3,2,2,23,"m","6-10"
"522",220,"F147","1","ai","magenta",4,4,4,3,23,"m","6-10"
"523",220,"F205","1","hum","hum",4,4,4,3,23,"m","6-10"
"524",220,"F208","1","hum","hum",3,4,4,3,23,"m","6-10"
"525",220,"F212","1","hum","hum",4,4,4,4,23,"m","6-10"
"526",220,"F219","1","hum","hum",2,4,3,2,23,"m","6-10"
"527",220,"F222","1","hum","hum",3,3,3,3,23,"m","6-10"
"528",220,"F301","2","ai","gpt",4,2,4,4,23,"m","6-10"
"529",220,"F315","2","ai","gpt",3,5,2,3,23,"m","6-10"
"530",220,"F324","2","ai","gpt",3,2,2,3,23,"m","6-10"
"531",220,"F332","2","ai","gpt",3,1,2,2,23,"m","6-10"
"532",220,"F340","2","ai","magenta",2,1,1,1,23,"m","6-10"
"533",220,"F402","2","hum","hum",3,3,4,4,23,"m","6-10"
"534",220,"F403","2","hum","hum",1,2,2,2,23,"m","6-10"
"535",220,"F409","2","hum","hum",4,5,4,4,23,"m","6-10"
"536",220,"F416","2","hum","hum",2,4,3,3,23,"m","6-10"
"537",220,"F428","2","hum","hum",4,4,2,3,23,"m","6-10"
"538",221,"F115","1","ai","gpt",1,1,1,1,37,"m",">10"
"539",221,"F125","1","ai","gpt",3,3,3,4,37,"m",">10"
"540",221,"F133","1","ai","magenta",1,1,1,1,37,"m",">10"
"541",221,"F134","1","ai","magenta",1,1,2,1,37,"m",">10"
"542",221,"F138","1","ai","magenta",1,1,1,1,37,"m",">10"
"543",221,"F203","1","hum","hum",3,3,2,3,37,"m",">10"
"544",221,"F207","1","hum","hum",4,3,4,3,37,"m",">10"
"545",221,"F209","1","hum","hum",3,3,4,3,37,"m",">10"
"546",221,"F212","1","hum","hum",2,3,3,2,37,"m",">10"
"547",221,"F214","1","hum","hum",4,3,4,3,37,"m",">10"
"548",221,"F305","2","ai","gpt",1,2,1,1,37,"m",">10"
"549",221,"F314","2","ai","gpt",2,2,2,3,37,"m",">10"
"550",221,"F328","2","ai","gpt",1,1,1,1,37,"m",">10"
"551",221,"F358","2","ai","magenta",3,4,2,3,37,"m",">10"
"552",221,"F409","2","hum","hum",5,5,5,5,37,"m",">10"
"553",221,"F415","2","hum","hum",4,4,5,4,37,"m",">10"
"554",221,"F420","2","hum","hum",4,3,4,4,37,"m",">10"
"555",221,"F421","2","hum","hum",3,3,3,3,37,"m",">10"
"556",221,"F426","2","hum","hum",4,4,4,4,37,"m",">10"
"557",225,"F114","1","ai","gpt",2,2,2,2,22,"f",">10"
"558",225,"F115","1","ai","gpt",2,1,3,2,22,"f",">10"
"559",225,"F118","1","ai","gpt",4,5,3,4,22,"f",">10"
"560",225,"F121","1","ai","gpt",1,1,1,1,22,"f",">10"
"561",225,"F128","1","ai","magenta",4,4,4,4,22,"f",">10"
"562",225,"F204","1","hum","hum",5,5,4,4,22,"f",">10"
"563",225,"F206","1","hum","hum",2,2,3,2,22,"f",">10"
"564",225,"F211","1","hum","hum",5,5,4,4,22,"f",">10"
"565",225,"F212","1","hum","hum",4,4,4,4,22,"f",">10"
"566",225,"F225","1","hum","hum",4,4,4,4,22,"f",">10"
"567",225,"F303","2","ai","gpt",3,3,3,3,22,"f",">10"
"568",225,"F306","2","ai","gpt",3,4,3,3,22,"f",">10"
"569",225,"F309","2","ai","gpt",1,2,1,1,22,"f",">10"
"570",225,"F339","2","ai","magenta",1,1,1,1,22,"f",">10"
"571",225,"F344","2","ai","magenta",1,1,1,1,22,"f",">10"
"572",225,"F406","2","hum","hum",4,5,4,4,22,"f",">10"
"573",225,"F408","2","hum","hum",5,4,5,5,22,"f",">10"
"574",225,"F412","2","hum","hum",4,4,3,4,22,"f",">10"
"575",225,"F423","2","hum","hum",4,4,4,4,22,"f",">10"
"576",225,"F428","2","hum","hum",4,5,4,4,22,"f",">10"
"577",235,"F113","1","ai","gpt",3,3,4,2,21,"f","6-10"
"578",235,"F117","1","ai","gpt",3,3,4,4,21,"f","6-10"
"579",235,"F123","1","ai","gpt",3,3,3,3,21,"f","6-10"
"580",235,"F126","1","ai","magenta",1,1,2,1,21,"f","6-10"
"581",235,"F143","1","ai","magenta",2,2,2,2,21,"f","6-10"
"582",235,"F205","1","hum","hum",4,3,4,3,21,"f","6-10"
"583",235,"F206","1","hum","hum",4,3,4,3,21,"f","6-10"
"584",235,"F216","1","hum","hum",2,3,2,3,21,"f","6-10"
"585",235,"F218","1","hum","hum",5,4,4,4,21,"f","6-10"
"586",235,"F226","1","hum","hum",3,3,4,2,21,"f","6-10"
"587",235,"F312","2","ai","gpt",2,2,3,1,21,"f","6-10"
"588",235,"F325","2","ai","gpt",2,2,3,2,21,"f","6-10"
"589",235,"F342","2","ai","magenta",2,2,3,2,21,"f","6-10"
"590",235,"F344","2","ai","magenta",1,1,1,1,21,"f","6-10"
"591",235,"F352","2","ai","magenta",2,3,3,4,21,"f","6-10"
"592",235,"F410","2","hum","hum",4,4,4,5,21,"f","6-10"
"593",235,"F411","2","hum","hum",4,4,4,4,21,"f","6-10"
"594",235,"F421","2","hum","hum",3,3,4,3,21,"f","6-10"
"595",235,"F424","2","hum","hum",4,4,4,4,21,"f","6-10"
"596",235,"F427","2","hum","hum",3,3,3,3,21,"f","6-10"
"597",240,"F101","1","ai","gpt",1,1,4,2,24,"m","6-10"
"598",240,"F127","1","ai","magenta",2,3,2,2,24,"m","6-10"
"599",240,"F132","1","ai","magenta",1,1,2,1,24,"m","6-10"
"600",240,"F143","1","ai","magenta",1,1,2,2,24,"m","6-10"
"601",240,"F146","1","ai","magenta",1,2,3,1,24,"m","6-10"
"602",240,"F216","1","hum","hum",4,4,2,3,24,"m","6-10"
"603",240,"F217","1","hum","hum",5,5,4,4,24,"m","6-10"
"604",240,"F226","1","hum","hum",2,3,3,2,24,"m","6-10"
"605",240,"F227","1","hum","hum",5,4,5,5,24,"m","6-10"
"606",240,"F228","1","hum","hum",5,5,5,5,24,"m","6-10"
"607",240,"F310","2","ai","gpt",1,2,1,1,24,"m","6-10"
"608",240,"F327","2","ai","gpt",4,4,4,4,24,"m","6-10"
"609",240,"F328","2","ai","gpt",2,3,5,1,24,"m","6-10"
"610",240,"F353","2","ai","magenta",1,2,1,1,24,"m","6-10"
"611",240,"F361","2","ai","magenta",1,1,2,1,24,"m","6-10"
"612",240,"F414","2","hum","hum",5,5,5,5,24,"m","6-10"
"613",240,"F416","2","hum","hum",4,4,5,4,24,"m","6-10"
"614",240,"F419","2","hum","hum",4,4,5,4,24,"m","6-10"
"615",240,"F422","2","hum","hum",4,5,3,4,24,"m","6-10"
"616",240,"F425","2","hum","hum",2,3,3,2,24,"m","6-10"
"617",242,"F103","1","ai","gpt",1,2,3,1,25,"f",">10"
"618",242,"F110","1","ai","gpt",2,2,2,1,25,"f",">10"
"619",242,"F113","1","ai","gpt",2,2,3,1,25,"f",">10"
"620",242,"F129","1","ai","magenta",1,1,3,1,25,"f",">10"
"621",242,"F138","1","ai","magenta",2,2,2,1,25,"f",">10"
"622",242,"F201","1","hum","hum",3,3,3,2,25,"f",">10"
"623",242,"F210","1","hum","hum",3,2,3,2,25,"f",">10"
"624",242,"F211","1","hum","hum",3,3,3,2,25,"f",">10"
"625",242,"F218","1","hum","hum",2,2,3,1,25,"f",">10"
"626",242,"F223","1","hum","hum",3,4,4,4,25,"f",">10"
"627",242,"F309","2","ai","gpt",3,2,4,2,25,"f",">10"
"628",242,"F314","2","ai","gpt",2,3,3,2,25,"f",">10"
"629",242,"F321","2","ai","gpt",2,3,3,2,25,"f",">10"
"630",242,"F339","2","ai","magenta",2,1,2,1,25,"f",">10"
"631",242,"F344","2","ai","magenta",1,1,1,1,25,"f",">10"
"632",242,"F404","2","hum","hum",5,5,5,5,25,"f",">10"
"633",242,"F406","2","hum","hum",3,4,4,3,25,"f",">10"
"634",242,"F415","2","hum","hum",3,3,3,3,25,"f",">10"
"635",242,"F418","2","hum","hum",3,4,4,4,25,"f",">10"
"636",242,"F427","2","hum","hum",3,3,2,3,25,"f",">10"
"637",249,"F103","1","ai","gpt",1,5,1,2,23,"m","6-10"
"638",249,"F116","1","ai","gpt",2,4,2,2,23,"m","6-10"
"639",249,"F123","1","ai","gpt",2,3,4,3,23,"m","6-10"
"640",249,"F130","1","ai","magenta",4,3,4,4,23,"m","6-10"
"641",249,"F145","1","ai","magenta",3,2,4,3,23,"m","6-10"
"642",249,"F208","1","hum","hum",3,5,2,4,23,"m","6-10"
"643",249,"F212","1","hum","hum",5,5,4,5,23,"m","6-10"
"644",249,"F213","1","hum","hum",5,4,5,5,23,"m","6-10"
"645",249,"F216","1","hum","hum",5,5,3,3,23,"m","6-10"
"646",249,"F223","1","hum","hum",5,5,4,5,23,"m","6-10"
"647",249,"F303","2","ai","gpt",4,4,4,4,23,"m","6-10"
"648",249,"F322","2","ai","gpt",4,4,3,3,23,"m","6-10"
"649",249,"F332","2","ai","gpt",1,1,2,1,23,"m","6-10"
"650",249,"F339","2","ai","magenta",3,3,2,3,23,"m","6-10"
"651",249,"F346","2","ai","magenta",3,2,4,2,23,"m","6-10"
"652",249,"F404","2","hum","hum",5,3,5,5,23,"m","6-10"
"653",249,"F409","2","hum","hum",4,4,5,4,23,"m","6-10"
"654",249,"F410","2","hum","hum",5,4,5,4,23,"m","6-10"
"655",249,"F421","2","hum","hum",3,2,4,3,23,"m","6-10"
"656",249,"F424","2","hum","hum",5,5,5,5,23,"m","6-10"
"657",257,"F102","1","ai","gpt",2,2,3,2,24,"f",">10"
"658",257,"F105","1","ai","gpt",3,3,3,2,24,"f",">10"
"659",257,"F110","1","ai","gpt",2,2,2,2,24,"f",">10"
"660",257,"F136","1","ai","magenta",2,2,2,2,24,"f",">10"
"661",257,"F138","1","ai","magenta",2,3,3,2,24,"f",">10"
"662",257,"F203","1","hum","hum",2,3,2,3,24,"f",">10"
"663",257,"F205","1","hum","hum",3,2,3,3,24,"f",">10"
"664",257,"F210","1","hum","hum",3,4,4,3,24,"f",">10"
"665",257,"F211","1","hum","hum",4,4,4,4,24,"f",">10"
"666",257,"F219","1","hum","hum",4,3,4,4,24,"f",">10"
"667",257,"F315","2","ai","gpt",2,2,3,1,24,"f",">10"
"668",257,"F327","2","ai","gpt",3,3,3,2,24,"f",">10"
"669",257,"F333","2","ai","gpt",2,2,3,2,24,"f",">10"
"670",257,"F348","2","ai","magenta",2,3,3,2,24,"f",">10"
"671",257,"F353","2","ai","magenta",2,2,3,2,24,"f",">10"
"672",257,"F403","2","hum","hum",3,4,4,3,24,"f",">10"
"673",257,"F404","2","hum","hum",4,4,4,4,24,"f",">10"
"674",257,"F407","2","hum","hum",4,3,4,3,24,"f",">10"
"675",257,"F422","2","hum","hum",3,3,3,2,24,"f",">10"
"676",257,"F427","2","hum","hum",2,3,3,2,24,"f",">10"
"677",266,"F106","1","ai","gpt",1,1,1,1,25,"f",">10"
"678",266,"F117","1","ai","gpt",2,2,3,1,25,"f",">10"
"679",266,"F138","1","ai","magenta",2,2,2,2,25,"f",">10"
"680",266,"F140","1","ai","magenta",1,1,3,1,25,"f",">10"
"681",266,"F143","1","ai","magenta",1,1,2,1,25,"f",">10"
"682",266,"F206","1","hum","hum",3,2,3,2,25,"f",">10"
"683",266,"F207","1","hum","hum",4,4,4,4,25,"f",">10"
"684",266,"F211","1","hum","hum",2,2,3,2,25,"f",">10"
"685",266,"F212","1","hum","hum",3,2,4,3,25,"f",">10"
"686",266,"F213","1","hum","hum",3,2,3,2,25,"f",">10"
"687",266,"F313","2","ai","gpt",2,2,2,1,25,"f",">10"
"688",266,"F323","2","ai","gpt",1,2,2,2,25,"f",">10"
"689",266,"F340","2","ai","magenta",3,4,4,4,25,"f",">10"
"690",266,"F341","2","ai","magenta",1,1,1,1,25,"f",">10"
"691",266,"F345","2","ai","magenta",2,1,1,1,25,"f",">10"
"692",266,"F407","2","hum","hum",2,3,2,2,25,"f",">10"
"693",266,"F409","2","hum","hum",3,1,4,3,25,"f",">10"
"694",266,"F410","2","hum","hum",3,3,4,3,25,"f",">10"
"695",266,"F420","2","hum","hum",4,4,3,3,25,"f",">10"
"696",266,"F421","2","hum","hum",1,2,2,1,25,"f",">10"
"697",271,"F104","1","ai","gpt",2,2,2,2,59,"f",">10"
"698",271,"F106","1","ai","gpt",2,5,1,2,59,"f",">10"
"699",271,"F113","1","ai","gpt",1,2,2,2,59,"f",">10"
"700",271,"F121","1","ai","gpt",2,2,3,2,59,"f",">10"
"701",271,"F136","1","ai","magenta",2,4,4,3,59,"f",">10"
"702",271,"F204","1","hum","hum",2,4,1,2,59,"f",">10"
"703",271,"F212","1","hum","hum",4,4,4,5,59,"f",">10"
"704",271,"F219","1","hum","hum",5,4,5,5,59,"f",">10"
"705",271,"F222","1","hum","hum",5,4,3,4,59,"f",">10"
"706",271,"F224","1","hum","hum",1,3,1,2,59,"f",">10"
"707",271,"F331","2","ai","gpt",3,2,2,1,59,"f",">10"
"708",271,"F346","2","ai","magenta",3,3,4,3,59,"f",">10"
"709",271,"F348","2","ai","magenta",3,3,4,2,59,"f",">10"
"710",271,"F349","2","ai","magenta",5,4,5,4,59,"f",">10"
"711",271,"F353","2","ai","magenta",1,1,2,1,59,"f",">10"
"712",271,"F410","2","hum","hum",5,5,5,5,59,"f",">10"
"713",271,"F417","2","hum","hum",4,4,4,3,59,"f",">10"
"714",271,"F419","2","hum","hum",4,3,3,3,59,"f",">10"
"715",271,"F421","2","hum","hum",4,4,4,3,59,"f",">10"
"716",271,"F426","2","hum","hum",3,3,4,3,59,"f",">10"
"717",277,"F118","1","ai","gpt",2,2,3,1,72,"m","6-10"
"718",277,"F122","1","ai","gpt",1,1,1,1,72,"m","6-10"
"719",277,"F127","1","ai","magenta",4,4,4,3,72,"m","6-10"
"720",277,"F132","1","ai","magenta",3,3,4,3,72,"m","6-10"
"721",277,"F136","1","ai","magenta",2,2,4,2,72,"m","6-10"
"722",277,"F208","1","hum","hum",4,3,3,4,72,"m","6-10"
"723",277,"F209","1","hum","hum",3,3,3,3,72,"m","6-10"
"724",277,"F214","1","hum","hum",4,3,4,4,72,"m","6-10"
"725",277,"F222","1","hum","hum",5,5,4,5,72,"m","6-10"
"726",277,"F225","1","hum","hum",4,3,3,4,72,"m","6-10"
"727",277,"F303","2","ai","gpt",4,4,4,3,72,"m","6-10"
"728",277,"F306","2","ai","gpt",3,3,3,3,72,"m","6-10"
"729",277,"F321","2","ai","gpt",2,2,2,2,72,"m","6-10"
"730",277,"F331","2","ai","gpt",1,1,3,1,72,"m","6-10"
"731",277,"F361","2","ai","magenta",1,1,1,1,72,"m","6-10"
"732",277,"F402","2","hum","hum",3,3,4,4,72,"m","6-10"
"733",277,"F403","2","hum","hum",3,4,4,3,72,"m","6-10"
"734",277,"F404","2","hum","hum",4,4,4,4,72,"m","6-10"
"735",277,"F405","2","hum","hum",2,2,3,3,72,"m","6-10"
"736",277,"F425","2","hum","hum",3,3,4,3,72,"m","6-10"
"737",279,"F101","1","ai","gpt",2,2,3,3,40,"m","<6"
"738",279,"F107","1","ai","gpt",3,3,3,3,40,"m","<6"
"739",279,"F116","1","ai","gpt",3,3,3,2,40,"m","<6"
"740",279,"F131","1","ai","magenta",2,1,3,2,40,"m","<6"
"741",279,"F149","1","ai","magenta",2,2,2,2,40,"m","<6"
"742",279,"F208","1","hum","hum",5,5,4,4,40,"m","<6"
"743",279,"F209","1","hum","hum",5,4,4,5,40,"m","<6"
"744",279,"F212","1","hum","hum",5,4,4,4,40,"m","<6"
"745",279,"F227","1","hum","hum",3,2,3,3,40,"m","<6"
"746",279,"F229","1","hum","hum",5,4,4,4,40,"m","<6"
"747",279,"F303","2","ai","gpt",4,4,4,3,40,"m","<6"
"748",279,"F304","2","ai","gpt",2,2,3,2,40,"m","<6"
"749",279,"F322","2","ai","gpt",4,4,3,3,40,"m","<6"
"750",279,"F334","2","ai","gpt",3,3,4,3,40,"m","<6"
"751",279,"F354","2","ai","magenta",2,1,5,1,40,"m","<6"
"752",279,"F406","2","hum","hum",5,4,5,5,40,"m","<6"
"753",279,"F418","2","hum","hum",5,5,4,4,40,"m","<6"
"754",279,"F419","2","hum","hum",4,4,4,4,40,"m","<6"
"755",279,"F421","2","hum","hum",4,3,4,3,40,"m","<6"
"756",279,"F427","2","hum","hum",4,4,3,3,40,"m","<6"
"757",282,"F108","1","ai","gpt",3,3,4,4,25,"f","<6"
"758",282,"F123","1","ai","gpt",2,3,2,2,25,"f","<6"
"759",282,"F132","1","ai","magenta",2,3,2,2,25,"f","<6"
"760",282,"F143","1","ai","magenta",4,5,5,4,25,"f","<6"
"761",282,"F149","1","ai","magenta",2,2,4,2,25,"f","<6"
"762",282,"F209","1","hum","hum",3,4,3,3,25,"f","<6"
"763",282,"F223","1","hum","hum",4,4,5,4,25,"f","<6"
"764",282,"F224","1","hum","hum",5,5,5,5,25,"f","<6"
"765",282,"F225","1","hum","hum",4,5,3,3,25,"f","<6"
"766",282,"F226","1","hum","hum",4,4,4,4,25,"f","<6"
"767",282,"F322","2","ai","gpt",4,5,5,5,25,"f","<6"
"768",282,"F332","2","ai","gpt",1,1,2,1,25,"f","<6"
"769",282,"F341","2","ai","magenta",4,4,3,3,25,"f","<6"
"770",282,"F349","2","ai","magenta",1,2,2,2,25,"f","<6"
"771",282,"F355","2","ai","magenta",3,3,2,2,25,"f","<6"
"772",282,"F403","2","hum","hum",4,3,4,3,25,"f","<6"
"773",282,"F411","2","hum","hum",4,4,4,4,25,"f","<6"
"774",282,"F420","2","hum","hum",5,5,5,5,25,"f","<6"
"775",282,"F422","2","hum","hum",5,5,5,5,25,"f","<6"
"776",282,"F423","2","hum","hum",3,4,4,3,25,"f","<6"
"777",284,"F108","1","ai","gpt",4,4,4,3,39,"f",">10"
"778",284,"F126","1","ai","magenta",3,2,3,2,39,"f",">10"
"779",284,"F132","1","ai","magenta",2,2,1,1,39,"f",">10"
"780",284,"F133","1","ai","magenta",3,2,3,2,39,"f",">10"
"781",284,"F136","1","ai","magenta",2,1,4,2,39,"f",">10"
"782",284,"F202","1","hum","hum",3,3,3,3,39,"f",">10"
"783",284,"F204","1","hum","hum",2,2,2,3,39,"f",">10"
"784",284,"F207","1","hum","hum",3,3,4,4,39,"f",">10"
"785",284,"F215","1","hum","hum",4,5,4,4,39,"f",">10"
"786",284,"F224","1","hum","hum",4,4,4,4,39,"f",">10"
"787",284,"F309","2","ai","gpt",1,1,4,4,39,"f",">10"
"788",284,"F326","2","ai","gpt",1,1,1,1,39,"f",">10"
"789",284,"F338","2","ai","magenta",1,1,4,4,39,"f",">10"
"790",284,"F339","2","ai","magenta",1,1,2,1,39,"f",">10"
"791",284,"F409","2","hum","hum",2,1,4,2,39,"f",">10"
"792",284,"F414","2","hum","hum",1,2,2,2,39,"f",">10"
"793",284,"F416","2","hum","hum",4,4,4,4,39,"f",">10"
"794",284,"F420","2","hum","hum",4,4,2,4,39,"f",">10"
"795",284,"F425","2","hum","hum",3,3,3,3,39,"f",">10"
"796",285,"F101","1","ai","gpt",2,2,3,2,58,"m","<6"
"797",285,"F109","1","ai","gpt",2,4,3,3,58,"m","<6"
"798",285,"F120","1","ai","gpt",2,2,3,2,58,"m","<6"
"799",285,"F138","1","ai","magenta",2,2,2,1,58,"m","<6"
"800",285,"F143","1","ai","magenta",1,1,2,1,58,"m","<6"
"801",285,"F202","1","hum","hum",5,5,4,4,58,"m","<6"
"802",285,"F204","1","hum","hum",5,5,4,5,58,"m","<6"
"803",285,"F215","1","hum","hum",4,4,4,4,58,"m","<6"
"804",285,"F226","1","hum","hum",4,4,4,4,58,"m","<6"
"805",285,"F227","1","hum","hum",4,4,4,4,58,"m","<6"
"806",285,"F316","2","ai","gpt",3,3,4,3,58,"m","<6"
"807",285,"F319","2","ai","gpt",1,2,2,1,58,"m","<6"
"808",285,"F330","2","ai","gpt",4,3,4,3,58,"m","<6"
"809",285,"F345","2","ai","magenta",3,3,3,3,58,"m","<6"
"810",285,"F354","2","ai","magenta",1,3,2,1,58,"m","<6"
"811",285,"F401","2","hum","hum",3,3,3,4,58,"m","<6"
"812",285,"F406","2","hum","hum",4,4,3,4,58,"m","<6"
"813",285,"F410","2","hum","hum",4,4,3,4,58,"m","<6"
"814",285,"F416","2","hum","hum",2,3,4,3,58,"m","<6"
"815",285,"F418","2","hum","hum",4,4,5,4,58,"m","<6"
"816",298,"F101","1","ai","gpt",2,2,2,2,54,"f",">10"
"817",298,"F111","1","ai","gpt",4,4,4,4,54,"f",">10"
"818",298,"F121","1","ai","gpt",2,2,3,2,54,"f",">10"
"819",298,"F132","1","ai","magenta",3,4,3,4,54,"f",">10"
"820",298,"F140","1","ai","magenta",4,3,4,4,54,"f",">10"
"821",298,"F201","1","hum","hum",3,3,3,3,54,"f",">10"
"822",298,"F203","1","hum","hum",4,4,4,4,54,"f",">10"
"823",298,"F208","1","hum","hum",3,3,4,3,54,"f",">10"
"824",298,"F220","1","hum","hum",4,3,4,3,54,"f",">10"
"825",298,"F225","1","hum","hum",4,2,3,2,54,"f",">10"
"826",298,"F303","2","ai","gpt",5,5,5,4,54,"f",">10"
"827",298,"F330","2","ai","gpt",4,3,5,2,54,"f",">10"
"828",298,"F341","2","ai","magenta",2,3,2,2,54,"f",">10"
"829",298,"F352","2","ai","magenta",2,3,4,1,54,"f",">10"
"830",298,"F402","2","hum","hum",1,2,3,2,54,"f",">10"
"831",298,"F407","2","hum","hum",2,4,3,4,54,"f",">10"
"832",298,"F408","2","hum","hum",4,3,5,3,54,"f",">10"
"833",298,"F412","2","hum","hum",5,5,4,5,54,"f",">10"
"834",298,"F414","2","hum","hum",2,1,3,2,54,"f",">10"
"835",304,"F103","1","ai","gpt",2,2,2,1,50,"f",">10"
"836",304,"F104","1","ai","gpt",2,3,2,1,50,"f",">10"
"837",304,"F112","1","ai","gpt",2,3,1,1,50,"f",">10"
"838",304,"F141","1","ai","magenta",3,3,4,4,50,"f",">10"
"839",304,"F148","1","ai","magenta",3,3,3,3,50,"f",">10"
"840",304,"F203","1","hum","hum",5,5,5,5,50,"f",">10"
"841",304,"F213","1","hum","hum",3,3,5,4,50,"f",">10"
"842",304,"F215","1","hum","hum",3,3,4,4,50,"f",">10"
"843",304,"F216","1","hum","hum",5,5,5,5,50,"f",">10"
"844",304,"F221","1","hum","hum",4,4,5,5,50,"f",">10"
"845",304,"F317","2","ai","gpt",1,1,1,1,50,"f",">10"
"846",304,"F335","2","ai","gpt",2,2,2,2,50,"f",">10"
"847",304,"F336","2","ai","gpt",1,2,1,1,50,"f",">10"
"848",304,"F337","2","ai","magenta",1,1,1,1,50,"f",">10"
"849",304,"F343","2","ai","magenta",2,2,1,1,50,"f",">10"
"850",304,"F404","2","hum","hum",3,3,2,2,50,"f",">10"
"851",304,"F407","2","hum","hum",3,3,5,4,50,"f",">10"
"852",304,"F411","2","hum","hum",2,3,2,2,50,"f",">10"
"853",304,"F418","2","hum","hum",4,4,4,4,50,"f",">10"
"854",304,"F422","2","hum","hum",3,3,2,2,50,"f",">10"
"855",325,"F107","1","ai","gpt",3,2,2,2,26,"f",">10"
"856",325,"F112","1","ai","gpt",3,4,2,2,26,"f",">10"
"857",325,"F117","1","ai","gpt",2,3,4,3,26,"f",">10"
"858",325,"F123","1","ai","gpt",4,4,2,4,26,"f",">10"
"859",325,"F144","1","ai","magenta",1,1,1,1,26,"f",">10"
"860",325,"F201","1","hum","hum",3,4,3,4,26,"f",">10"
"861",325,"F209","1","hum","hum",3,3,4,3,26,"f",">10"
"862",325,"F219","1","hum","hum",5,5,5,5,26,"f",">10"
"863",325,"F221","1","hum","hum",5,5,5,5,26,"f",">10"
"864",325,"F222","1","hum","hum",4,5,4,5,26,"f",">10"
"865",325,"F320","2","ai","gpt",4,3,4,3,26,"f",">10"
"866",325,"F331","2","ai","gpt",1,2,4,2,26,"f",">10"
"867",325,"F343","2","ai","magenta",1,1,1,1,26,"f",">10"
"868",325,"F345","2","ai","magenta",1,1,1,1,26,"f",">10"
"869",325,"F358","2","ai","magenta",3,4,4,3,26,"f",">10"
"870",325,"F403","2","hum","hum",3,3,3,2,26,"f",">10"
"871",325,"F411","2","hum","hum",2,2,2,1,26,"f",">10"
"872",325,"F414","2","hum","hum",4,3,2,3,26,"f",">10"
"873",325,"F416","2","hum","hum",4,4,4,4,26,"f",">10"
"874",325,"F420","2","hum","hum",4,4,4,4,26,"f",">10"
"875",326,"F101","1","ai","gpt",3,2,2,1,27,"m",">10"
"876",326,"F104","1","ai","gpt",1,2,3,1,27,"m",">10"
"877",326,"F107","1","ai","gpt",4,4,2,2,27,"m",">10"
"878",326,"F116","1","ai","gpt",4,4,4,3,27,"m",">10"
"879",326,"F121","1","ai","gpt",1,1,1,1,27,"m",">10"
"880",326,"F213","1","hum","hum",5,5,4,4,27,"m",">10"
"881",326,"F221","1","hum","hum",3,3,3,4,27,"m",">10"
"882",326,"F222","1","hum","hum",5,5,5,5,27,"m",">10"
"883",326,"F223","1","hum","hum",5,5,5,4,27,"m",">10"
"884",326,"F224","1","hum","hum",1,1,1,1,27,"m",">10"
"885",326,"F324","2","ai","gpt",5,5,4,2,27,"m",">10"
"886",326,"F332","2","ai","gpt",1,1,1,1,27,"m",">10"
"887",326,"F337","2","ai","magenta",2,3,4,2,27,"m",">10"
"888",326,"F343","2","ai","magenta",4,5,5,3,27,"m",">10"
"889",326,"F351","2","ai","magenta",3,2,4,4,27,"m",">10"
"890",326,"F404","2","hum","hum",5,5,5,5,27,"m",">10"
"891",326,"F406","2","hum","hum",4,5,4,5,27,"m",">10"
"892",326,"F410","2","hum","hum",5,5,4,5,27,"m",">10"
"893",326,"F419","2","hum","hum",4,5,4,3,27,"m",">10"
"894",326,"F427","2","hum","hum",5,5,5,5,27,"m",">10"
"895",328,"F123","1","ai","gpt",2,3,4,4,72,"m",">10"
"896",328,"F129","1","ai","magenta",2,2,2,2,72,"m",">10"
"897",328,"F134","1","ai","magenta",1,1,2,1,72,"m",">10"
"898",328,"F144","1","ai","magenta",3,2,3,2,72,"m",">10"
"899",328,"F150","1","ai","magenta",4,4,2,2,72,"m",">10"
"900",328,"F205","1","hum","hum",3,4,4,4,72,"m",">10"
"901",328,"F209","1","hum","hum",4,4,4,4,72,"m",">10"
"902",328,"F211","1","hum","hum",3,4,2,2,72,"m",">10"
"903",328,"F214","1","hum","hum",3,3,3,3,72,"m",">10"
"904",328,"F222","1","hum","hum",4,4,4,3,72,"m",">10"
"905",328,"F302","2","ai","gpt",1,1,1,1,72,"m",">10"
"906",328,"F318","2","ai","gpt",1,1,2,1,72,"m",">10"
"907",328,"F325","2","ai","gpt",2,2,3,3,72,"m",">10"
"908",328,"F348","2","ai","magenta",1,1,2,2,72,"m",">10"
"909",328,"F354","2","ai","magenta",2,1,1,1,72,"m",">10"
"910",328,"F406","2","hum","hum",4,3,4,4,72,"m",">10"
"911",328,"F407","2","hum","hum",3,3,4,3,72,"m",">10"
"912",328,"F418","2","hum","hum",4,4,4,3,72,"m",">10"
"913",328,"F419","2","hum","hum",4,4,4,4,72,"m",">10"
"914",328,"F421","2","hum","hum",1,2,2,1,72,"m",">10"
"915",330,"F101","1","ai","gpt",3,3,3,2,69,"f",">10"
"916",330,"F109","1","ai","gpt",2,2,1,1,69,"f",">10"
"917",330,"F128","1","ai","magenta",1,1,1,1,69,"f",">10"
"918",330,"F129","1","ai","magenta",2,2,2,1,69,"f",">10"
"919",330,"F138","1","ai","magenta",2,3,4,2,69,"f",">10"
"920",330,"F207","1","hum","hum",3,4,4,3,69,"f",">10"
"921",330,"F218","1","hum","hum",4,4,4,4,69,"f",">10"
"922",330,"F219","1","hum","hum",5,5,5,5,69,"f",">10"
"923",330,"F223","1","hum","hum",5,5,5,4,69,"f",">10"
"924",330,"F226","1","hum","hum",5,5,5,4,69,"f",">10"
"925",330,"F316","2","ai","gpt",1,1,1,1,69,"f",">10"
"926",330,"F323","2","ai","gpt",1,1,2,1,69,"f",">10"
"927",330,"F325","2","ai","gpt",2,1,1,1,69,"f",">10"
"928",330,"F331","2","ai","gpt",2,1,2,1,69,"f",">10"
"929",330,"F335","2","ai","gpt",1,2,2,1,69,"f",">10"
"930",330,"F409","2","hum","hum",3,3,2,2,69,"f",">10"
"931",330,"F417","2","hum","hum",4,4,5,3,69,"f",">10"
"932",330,"F419","2","hum","hum",4,4,4,4,69,"f",">10"
"933",330,"F420","2","hum","hum",5,5,5,5,69,"f",">10"
"934",330,"F421","2","hum","hum",5,5,5,5,69,"f",">10"
"935",345,"F104","1","ai","gpt",5,5,5,5,44,"f",NA
"936",345,"F106","1","ai","gpt",5,5,5,5,44,"f",NA
"937",345,"F129","1","ai","magenta",5,5,5,5,44,"f",NA
"938",345,"F143","1","ai","magenta",5,5,5,5,44,"f",NA
"939",345,"F148","1","ai","magenta",5,5,5,5,44,"f",NA
"940",345,"F203","1","hum","hum",5,5,5,5,44,"f",NA
"941",345,"F210","1","hum","hum",5,5,5,5,44,"f",NA
"942",345,"F220","1","hum","hum",5,5,5,5,44,"f",NA
"943",345,"F221","1","hum","hum",5,5,5,5,44,"f",NA
"944",345,"F225","1","hum","hum",5,5,5,5,44,"f",NA
"945",345,"F309","2","ai","gpt",5,5,5,5,44,"f",NA
"946",345,"F318","2","ai","gpt",5,5,5,5,44,"f",NA
"947",345,"F322","2","ai","gpt",5,5,5,5,44,"f",NA
"948",345,"F339","2","ai","magenta",5,5,5,5,44,"f",NA
"949",345,"F344","2","ai","magenta",5,5,5,5,44,"f",NA
"950",345,"F402","2","hum","hum",5,5,5,5,44,"f",NA
"951",345,"F406","2","hum","hum",5,5,5,5,44,"f",NA
"952",345,"F410","2","hum","hum",5,5,5,5,44,"f",NA
"953",345,"F413","2","hum","hum",5,5,5,5,44,"f",NA
"954",345,"F423","2","hum","hum",5,5,5,5,44,"f",NA
"955",351,"F112","1","ai","gpt",1,1,1,1,79,"m","<6"
"956",351,"F117","1","ai","gpt",1,4,2,2,79,"m","<6"
"957",351,"F124","1","ai","gpt",3,5,3,3,79,"m","<6"
"958",351,"F140","1","ai","magenta",1,1,1,1,79,"m","<6"
"959",351,"F144","1","ai","magenta",5,5,5,5,79,"m","<6"
"960",351,"F207","1","hum","hum",2,2,2,2,79,"m","<6"
"961",351,"F212","1","hum","hum",2,2,2,2,79,"m","<6"
"962",351,"F217","1","hum","hum",4,4,4,4,79,"m","<6"
"963",351,"F221","1","hum","hum",2,1,2,2,79,"m","<6"
"964",351,"F228","1","hum","hum",4,5,4,3,79,"m","<6"
"965",351,"F312","2","ai","gpt",3,4,4,3,79,"m","<6"
"966",351,"F321","2","ai","gpt",1,1,1,1,79,"m","<6"
"967",351,"F334","2","ai","gpt",1,1,1,1,79,"m","<6"
"968",351,"F337","2","ai","magenta",2,2,2,2,79,"m","<6"
"969",351,"F346","2","ai","magenta",5,5,5,4,79,"m","<6"
"970",351,"F402","2","hum","hum",3,4,4,3,79,"m","<6"
"971",351,"F406","2","hum","hum",5,5,5,5,79,"m","<6"
"972",351,"F414","2","hum","hum",1,2,2,1,79,"m","<6"
"973",351,"F415","2","hum","hum",3,3,3,3,79,"m","<6"
"974",351,"F420","2","hum","hum",2,2,2,2,79,"m","<6"
"975",355,"F101","1","ai","gpt",3,4,3,2,44,"m",">10"
"976",355,"F130","1","ai","magenta",2,2,2,1,44,"m",">10"
"977",355,"F137","1","ai","magenta",1,2,1,1,44,"m",">10"
"978",355,"F143","1","ai","magenta",2,3,3,2,44,"m",">10"
"979",355,"F201","1","hum","hum",2,2,3,2,44,"m",">10"
"980",355,"F204","1","hum","hum",1,2,3,2,44,"m",">10"
"981",355,"F210","1","hum","hum",1,1,2,1,44,"m",">10"
"982",355,"F225","1","hum","hum",4,4,4,3,44,"m",">10"
"983",355,"F226","1","hum","hum",3,4,3,4,44,"m",">10"
"984",355,"F302","2","ai","gpt",2,2,3,2,44,"m",">10"
"985",355,"F312","2","ai","gpt",3,3,4,4,44,"m",">10"
"986",355,"F314","2","ai","gpt",3,3,2,2,44,"m",">10"
"987",355,"F320","2","ai","gpt",2,2,3,3,44,"m",">10"
"988",355,"F357","2","ai","magenta",3,2,3,2,44,"m",">10"
"989",355,"F401","2","hum","hum",4,4,2,3,44,"m",">10"
"990",355,"F402","2","hum","hum",5,4,4,4,44,"m",">10"
"991",355,"F404","2","hum","hum",5,4,4,4,44,"m",">10"
"992",355,"F412","2","hum","hum",4,4,2,3,44,"m",">10"
"993",355,"F418","2","hum","hum",4,3,4,4,44,"m",">10"
"994",356,"F102","1","ai","gpt",2,2,2,2,22,"m",">10"
"995",356,"F103","1","ai","gpt",2,4,2,1,22,"m",">10"
"996",356,"F105","1","ai","gpt",2,2,3,2,22,"m",">10"
"997",356,"F134","1","ai","magenta",1,2,2,1,22,"m",">10"
"998",356,"F137","1","ai","magenta",2,3,2,2,22,"m",">10"
"999",356,"F206","1","hum","hum",4,4,5,4,22,"m",">10"
"1000",356,"F211","1","hum","hum",4,4,4,3,22,"m",">10"
"1001",356,"F213","1","hum","hum",5,4,5,4,22,"m",">10"
"1002",356,"F214","1","hum","hum",3,3,3,3,22,"m",">10"
"1003",356,"F218","1","hum","hum",5,5,5,5,22,"m",">10"
"1004",356,"F311","2","ai","gpt",5,5,4,4,22,"m",">10"
"1005",356,"F336","2","ai","gpt",3,2,4,3,22,"m",">10"
"1006",356,"F347","2","ai","magenta",3,4,2,2,22,"m",">10"
"1007",356,"F348","2","ai","magenta",3,2,3,2,22,"m",">10"
"1008",356,"F360","2","ai","magenta",2,2,2,2,22,"m",">10"
"1009",356,"F401","2","hum","hum",4,5,3,4,22,"m",">10"
"1010",356,"F405","2","hum","hum",5,5,5,5,22,"m",">10"
"1011",356,"F407","2","hum","hum",4,4,5,3,22,"m",">10"
"1012",356,"F414","2","hum","hum",3,4,3,3,22,"m",">10"
"1013",356,"F419","2","hum","hum",5,5,5,5,22,"m",">10"
"1014",357,"F105","1","ai","gpt",3,4,4,3,24,"f","6-10"
"1015",357,"F111","1","ai","gpt",5,5,2,3,24,"f","6-10"
"1016",357,"F126","1","ai","magenta",5,5,3,4,24,"f","6-10"
"1017",357,"F139","1","ai","magenta",5,5,4,5,24,"f","6-10"
"1018",357,"F142","1","ai","magenta",5,5,2,3,24,"f","6-10"
"1019",357,"F215","1","hum","hum",4,4,4,4,24,"f","6-10"
"1020",357,"F218","1","hum","hum",5,5,4,4,24,"f","6-10"
"1021",357,"F222","1","hum","hum",5,4,5,3,24,"f","6-10"
"1022",357,"F225","1","hum","hum",4,5,4,4,24,"f","6-10"
"1023",357,"F228","1","hum","hum",5,5,5,5,24,"f","6-10"
"1024",357,"F308","2","ai","gpt",5,4,4,4,24,"f","6-10"
"1025",357,"F314","2","ai","gpt",2,3,3,3,24,"f","6-10"
"1026",357,"F324","2","ai","gpt",5,4,3,4,24,"f","6-10"
"1027",357,"F340","2","ai","magenta",2,3,3,2,24,"f","6-10"
"1028",357,"F355","2","ai","magenta",4,3,2,3,24,"f","6-10"
"1029",357,"F403","2","hum","hum",3,4,3,3,24,"f","6-10"
"1030",357,"F405","2","hum","hum",5,5,5,5,24,"f","6-10"
"1031",357,"F417","2","hum","hum",5,5,4,4,24,"f","6-10"
"1032",357,"F424","2","hum","hum",4,5,5,4,24,"f","6-10"
"1033",357,"F428","2","hum","hum",5,5,4,5,24,"f","6-10"
"1034",367,"F124","1","ai","gpt",4,3,4,4,40,"f","<6"
"1035",367,"F125","1","ai","gpt",4,4,3,4,40,"f","<6"
"1036",367,"F131","1","ai","magenta",4,3,3,3,40,"f","<6"
"1037",367,"F133","1","ai","magenta",2,3,3,2,40,"f","<6"
"1038",367,"F140","1","ai","magenta",3,3,3,2,40,"f","<6"
"1039",367,"F205","1","hum","hum",4,3,3,4,40,"f","<6"
"1040",367,"F208","1","hum","hum",4,4,4,4,40,"f","<6"
"1041",367,"F218","1","hum","hum",4,3,3,3,40,"f","<6"
"1042",367,"F219","1","hum","hum",3,4,3,3,40,"f","<6"
"1043",367,"F228","1","hum","hum",4,3,3,3,40,"f","<6"
"1044",367,"F309","2","ai","gpt",3,3,3,4,40,"f","<6"
"1045",367,"F324","2","ai","gpt",3,3,3,3,40,"f","<6"
"1046",367,"F334","2","ai","gpt",3,3,3,3,40,"f","<6"
"1047",367,"F343","2","ai","magenta",4,4,4,3,40,"f","<6"
"1048",367,"F350","2","ai","magenta",4,3,3,3,40,"f","<6"
"1049",367,"F403","2","hum","hum",4,3,3,3,40,"f","<6"
"1050",367,"F412","2","hum","hum",4,4,3,3,40,"f","<6"
"1051",367,"F415","2","hum","hum",4,3,3,4,40,"f","<6"
"1052",367,"F416","2","hum","hum",4,3,3,3,40,"f","<6"
"1053",367,"F427","2","hum","hum",3,3,3,3,40,"f","<6"
"1054",374,"F109","1","ai","gpt",1,1,1,1,51,"f","6-10"
"1055",374,"F128","1","ai","magenta",2,3,2,2,51,"f","6-10"
"1056",374,"F134","1","ai","magenta",1,1,1,1,51,"f","6-10"
"1057",374,"F139","1","ai","magenta",1,1,1,1,51,"f","6-10"
"1058",374,"F141","1","ai","magenta",1,1,1,1,51,"f","6-10"
"1059",374,"F213","1","hum","hum",1,1,2,2,51,"f","6-10"
"1060",374,"F216","1","hum","hum",1,1,1,1,51,"f","6-10"
"1061",374,"F218","1","hum","hum",2,2,2,2,51,"f","6-10"
"1062",374,"F223","1","hum","hum",1,2,3,2,51,"f","6-10"
"1063",374,"F228","1","hum","hum",1,1,1,1,51,"f","6-10"
"1064",374,"F311","2","ai","gpt",1,1,2,1,51,"f","6-10"
"1065",374,"F312","2","ai","gpt",1,1,1,1,51,"f","6-10"
"1066",374,"F319","2","ai","gpt",1,1,1,1,51,"f","6-10"
"1067",374,"F338","2","ai","magenta",5,5,5,5,51,"f","6-10"
"1068",374,"F355","2","ai","magenta",1,3,3,3,51,"f","6-10"
"1069",374,"F403","2","hum","hum",3,3,3,3,51,"f","6-10"
"1070",374,"F411","2","hum","hum",3,3,4,3,51,"f","6-10"
"1071",374,"F416","2","hum","hum",4,5,3,4,51,"f","6-10"
"1072",374,"F417","2","hum","hum",2,1,2,1,51,"f","6-10"
"1073",374,"F424","2","hum","hum",4,4,4,3,51,"f","6-10"
"1074",375,"F112","1","ai","gpt",3,4,2,2,50,"m","<6"
"1075",375,"F116","1","ai","gpt",3,3,2,2,50,"m","<6"
"1076",375,"F133","1","ai","magenta",2,3,2,2,50,"m","<6"
"1077",375,"F136","1","ai","magenta",2,2,1,1,50,"m","<6"
"1078",375,"F143","1","ai","magenta",4,4,2,2,50,"m","<6"
"1079",375,"F203","1","hum","hum",2,2,2,2,50,"m","<6"
"1080",375,"F210","1","hum","hum",3,3,2,2,50,"m","<6"
"1081",375,"F212","1","hum","hum",4,4,3,3,50,"m","<6"
"1082",375,"F217","1","hum","hum",3,3,3,3,50,"m","<6"
"1083",375,"F223","1","hum","hum",3,4,3,3,50,"m","<6"
"1084",375,"F312","2","ai","gpt",2,2,1,1,50,"m","<6"
"1085",375,"F313","2","ai","gpt",3,4,1,1,50,"m","<6"
"1086",375,"F322","2","ai","gpt",2,2,1,1,50,"m","<6"
"1087",375,"F344","2","ai","magenta",1,2,1,1,50,"m","<6"
"1088",375,"F347","2","ai","magenta",2,3,1,1,50,"m","<6"
"1089",375,"F401","2","hum","hum",4,4,2,2,50,"m","<6"
"1090",375,"F405","2","hum","hum",3,3,2,2,50,"m","<6"
"1091",375,"F406","2","hum","hum",2,4,1,1,50,"m","<6"
"1092",375,"F410","2","hum","hum",5,5,3,3,50,"m","<6"
"1093",375,"F424","2","hum","hum",3,3,2,2,50,"m","<6"
"1094",383,"F110","1","ai","gpt",5,4,3,4,27,"m",">10"
"1095",383,"F127","1","ai","magenta",3,3,4,2,27,"m",">10"
"1096",383,"F138","1","ai","magenta",2,2,3,1,27,"m",">10"
"1097",383,"F146","1","ai","magenta",3,2,4,2,27,"m",">10"
"1098",383,"F149","1","ai","magenta",1,2,4,1,27,"m",">10"
"1099",383,"F201","1","hum","hum",5,5,4,5,27,"m",">10"
"1100",383,"F205","1","hum","hum",4,4,4,5,27,"m",">10"
"1101",383,"F206","1","hum","hum",4,4,4,4,27,"m",">10"
"1102",383,"F211","1","hum","hum",3,4,4,4,27,"m",">10"
"1103",383,"F222","1","hum","hum",5,5,4,5,27,"m",">10"
"1104",383,"F315","2","ai","gpt",5,5,4,4,27,"m",">10"
"1105",383,"F332","2","ai","gpt",1,1,3,1,27,"m",">10"
"1106",383,"F338","2","ai","magenta",1,1,3,1,27,"m",">10"
"1107",383,"F359","2","ai","magenta",2,2,3,2,27,"m",">10"
"1108",383,"F360","2","ai","magenta",2,3,2,2,27,"m",">10"
"1109",383,"F401","2","hum","hum",5,5,4,4,27,"m",">10"
"1110",383,"F410","2","hum","hum",4,4,4,4,27,"m",">10"
"1111",383,"F413","2","hum","hum",4,3,5,4,27,"m",">10"
"1112",383,"F422","2","hum","hum",5,5,5,5,27,"m",">10"
"1113",383,"F425","2","hum","hum",3,4,4,3,27,"m",">10"
"1114",387,"F114","1","ai","gpt",1,1,1,1,52,"m","6-10"
"1115",387,"F116","1","ai","gpt",4,4,4,4,52,"m","6-10"
"1116",387,"F127","1","ai","magenta",4,4,2,2,52,"m","6-10"
"1117",387,"F129","1","ai","magenta",4,2,2,1,52,"m","6-10"
"1118",387,"F136","1","ai","magenta",1,1,4,1,52,"m","6-10"
"1119",387,"F206","1","hum","hum",3,3,1,1,52,"m","6-10"
"1120",387,"F207","1","hum","hum",4,4,5,4,52,"m","6-10"
"1121",387,"F209","1","hum","hum",4,2,2,1,52,"m","6-10"
"1122",387,"F212","1","hum","hum",4,2,4,2,52,"m","6-10"
"1123",387,"F214","1","hum","hum",4,5,5,5,52,"m","6-10"
"1124",387,"F309","2","ai","gpt",2,1,1,1,52,"m","6-10"
"1125",387,"F318","2","ai","gpt",2,2,4,1,52,"m","6-10"
"1126",387,"F320","2","ai","gpt",2,1,1,1,52,"m","6-10"
"1127",387,"F334","2","ai","gpt",4,4,4,4,52,"m","6-10"
"1128",387,"F345","2","ai","magenta",1,2,1,1,52,"m","6-10"
"1129",387,"F401","2","hum","hum",4,4,4,3,52,"m","6-10"
"1130",387,"F402","2","hum","hum",4,4,2,1,52,"m","6-10"
"1131",387,"F405","2","hum","hum",5,5,4,4,52,"m","6-10"
"1132",387,"F409","2","hum","hum",5,5,4,4,52,"m","6-10"
"1133",387,"F417","2","hum","hum",4,4,4,2,52,"m","6-10"
"1134",391,"F103","1","ai","gpt",1,3,1,1,54,"m","<6"
"1135",391,"F112","1","ai","gpt",1,2,2,1,54,"m","<6"
"1136",391,"F135","1","ai","magenta",1,1,1,1,54,"m","<6"
"1137",391,"F140","1","ai","magenta",1,2,1,1,54,"m","<6"
"1138",391,"F149","1","ai","magenta",1,1,1,1,54,"m","<6"
"1139",391,"F204","1","hum","hum",2,4,2,3,54,"m","<6"
"1140",391,"F208","1","hum","hum",2,4,2,2,54,"m","<6"
"1141",391,"F215","1","hum","hum",3,4,4,2,54,"m","<6"
"1142",391,"F218","1","hum","hum",3,4,4,3,54,"m","<6"
"1143",391,"F222","1","hum","hum",3,4,3,3,54,"m","<6"
"1144",391,"F316","2","ai","gpt",1,2,1,1,54,"m","<6"
"1145",391,"F343","2","ai","magenta",1,2,1,1,54,"m","<6"
"1146",391,"F345","2","ai","magenta",1,2,1,1,54,"m","<6"
"1147",391,"F348","2","ai","magenta",2,3,2,1,54,"m","<6"
"1148",391,"F352","2","ai","magenta",1,1,1,1,54,"m","<6"
"1149",391,"F405","2","hum","hum",3,4,4,4,54,"m","<6"
"1150",391,"F406","2","hum","hum",2,2,3,1,54,"m","<6"
"1151",391,"F407","2","hum","hum",4,4,4,3,54,"m","<6"
"1152",391,"F418","2","hum","hum",3,4,2,3,54,"m","<6"
"1153",391,"F423","2","hum","hum",3,4,4,3,54,"m","<6"
"1154",392,"F112","1","ai","gpt",1,1,1,1,57,"f","6-10"
"1155",392,"F113","1","ai","gpt",1,1,1,1,57,"f","6-10"
"1156",392,"F129","1","ai","magenta",2,2,2,1,57,"f","6-10"
"1157",392,"F137","1","ai","magenta",2,1,2,1,57,"f","6-10"
"1158",392,"F140","1","ai","magenta",2,2,3,2,57,"f","6-10"
"1159",392,"F206","1","hum","hum",2,1,1,1,57,"f","6-10"
"1160",392,"F212","1","hum","hum",3,4,4,4,57,"f","6-10"
"1161",392,"F216","1","hum","hum",2,2,3,3,57,"f","6-10"
"1162",392,"F221","1","hum","hum",4,4,4,4,57,"f","6-10"
"1163",392,"F229","1","hum","hum",3,2,3,3,57,"f","6-10"
"1164",392,"F314","2","ai","gpt",3,3,3,3,57,"f","6-10"
"1165",392,"F316","2","ai","gpt",2,2,2,2,57,"f","6-10"
"1166",392,"F334","2","ai","gpt",4,4,4,4,57,"f","6-10"
"1167",392,"F339","2","ai","magenta",2,3,3,3,57,"f","6-10"
"1168",392,"F350","2","ai","magenta",2,3,2,2,57,"f","6-10"
"1169",392,"F404","2","hum","hum",5,4,4,4,57,"f","6-10"
"1170",392,"F413","2","hum","hum",4,3,4,4,57,"f","6-10"
"1171",392,"F414","2","hum","hum",2,3,3,3,57,"f","6-10"
"1172",392,"F415","2","hum","hum",4,4,4,4,57,"f","6-10"
"1173",392,"F416","2","hum","hum",3,2,3,3,57,"f","6-10"
"1174",393,"F105","1","ai","gpt",2,2,2,1,68,"m","<6"
"1175",393,"F123","1","ai","gpt",2,3,2,2,68,"m","<6"
"1176",393,"F134","1","ai","magenta",2,2,1,1,68,"m","<6"
"1177",393,"F138","1","ai","magenta",2,2,2,1,68,"m","<6"
"1178",393,"F146","1","ai","magenta",2,2,2,2,68,"m","<6"
"1179",393,"F207","1","hum","hum",2,2,2,2,68,"m","<6"
"1180",393,"F211","1","hum","hum",4,4,3,4,68,"m","<6"
"1181",393,"F221","1","hum","hum",2,3,3,2,68,"m","<6"
"1182",393,"F222","1","hum","hum",3,3,3,3,68,"m","<6"
"1183",393,"F223","1","hum","hum",2,3,2,3,68,"m","<6"
"1184",393,"F309","2","ai","gpt",1,1,1,1,68,"m","<6"
"1185",393,"F313","2","ai","gpt",3,3,3,3,68,"m","<6"
"1186",393,"F318","2","ai","gpt",3,3,3,3,68,"m","<6"
"1187",393,"F332","2","ai","gpt",1,1,1,1,68,"m","<6"
"1188",393,"F352","2","ai","magenta",2,2,2,1,68,"m","<6"
"1189",393,"F402","2","hum","hum",2,2,1,2,68,"m","<6"
"1190",393,"F405","2","hum","hum",3,3,3,3,68,"m","<6"
"1191",393,"F409","2","hum","hum",2,3,2,2,68,"m","<6"
"1192",393,"F412","2","hum","hum",3,3,4,4,68,"m","<6"
"1193",393,"F418","2","hum","hum",2,2,2,1,68,"m","<6"
"1194",398,"F120","1","ai","gpt",2,2,2,2,52,"f","<6"
"1195",398,"F126","1","ai","magenta",3,3,3,3,52,"f","<6"
"1196",398,"F130","1","ai","magenta",2,2,2,2,52,"f","<6"
"1197",398,"F138","1","ai","magenta",3,3,3,3,52,"f","<6"
"1198",398,"F145","1","ai","magenta",3,3,3,3,52,"f","<6"
"1199",398,"F204","1","hum","hum",3,3,3,3,52,"f","<6"
"1200",398,"F211","1","hum","hum",4,4,4,4,52,"f","<6"
"1201",398,"F222","1","hum","hum",3,3,3,3,52,"f","<6"
"1202",398,"F224","1","hum","hum",3,3,3,3,52,"f","<6"
"1203",398,"F226","1","hum","hum",2,2,2,2,52,"f","<6"
"1204",398,"F315","2","ai","gpt",4,4,4,4,52,"f","<6"
"1205",398,"F319","2","ai","gpt",3,3,3,3,52,"f","<6"
"1206",398,"F329","2","ai","gpt",5,5,5,5,52,"f","<6"
"1207",398,"F348","2","ai","magenta",4,4,4,4,52,"f","<6"
"1208",398,"F350","2","ai","magenta",4,4,4,4,52,"f","<6"
"1209",398,"F401","2","hum","hum",5,5,5,5,52,"f","<6"
"1210",398,"F409","2","hum","hum",4,4,4,4,52,"f","<6"
"1211",398,"F415","2","hum","hum",4,4,4,4,52,"f","<6"
"1212",398,"F416","2","hum","hum",5,5,5,5,52,"f","<6"
"1213",398,"F427","2","hum","hum",3,3,3,3,52,"f","<6"
"1214",406,"F111","1","ai","gpt",2,3,3,3,23,"f","<6"
"1215",406,"F122","1","ai","gpt",4,4,4,4,23,"f","<6"
"1216",406,"F124","1","ai","gpt",3,3,3,3,23,"f","<6"
"1217",406,"F140","1","ai","magenta",2,2,2,2,23,"f","<6"
"1218",406,"F143","1","ai","magenta",2,2,1,1,23,"f","<6"
"1219",406,"F212","1","hum","hum",4,4,5,4,23,"f","<6"
"1220",406,"F217","1","hum","hum",5,4,5,5,23,"f","<6"
"1221",406,"F218","1","hum","hum",5,5,5,5,23,"f","<6"
"1222",406,"F220","1","hum","hum",5,5,5,4,23,"f","<6"
"1223",406,"F229","1","hum","hum",4,4,4,4,23,"f","<6"
"1224",406,"F303","2","ai","gpt",5,5,5,5,23,"f","<6"
"1225",406,"F325","2","ai","gpt",4,4,4,4,23,"f","<6"
"1226",406,"F330","2","ai","gpt",5,5,5,5,23,"f","<6"
"1227",406,"F341","2","ai","magenta",1,1,1,1,23,"f","<6"
"1228",406,"F355","2","ai","magenta",1,1,1,1,23,"f","<6"
"1229",406,"F404","2","hum","hum",5,5,5,5,23,"f","<6"
"1230",406,"F405","2","hum","hum",5,5,5,5,23,"f","<6"
"1231",406,"F410","2","hum","hum",4,4,3,3,23,"f","<6"
"1232",406,"F417","2","hum","hum",5,5,5,5,23,"f","<6"
"1233",406,"F423","2","hum","hum",5,5,5,5,23,"f","<6"
"1234",415,"F122","1","ai","gpt",4,4,4,5,68,"f","6-10"
"1235",415,"F123","1","ai","gpt",3,3,4,4,68,"f","6-10"
"1236",415,"F132","1","ai","magenta",3,4,4,3,68,"f","6-10"
"1237",415,"F135","1","ai","magenta",4,4,4,4,68,"f","6-10"
"1238",415,"F146","1","ai","magenta",2,2,4,2,68,"f","6-10"
"1239",415,"F208","1","hum","hum",4,4,4,4,68,"f","6-10"
"1240",415,"F209","1","hum","hum",4,4,4,4,68,"f","6-10"
"1241",415,"F213","1","hum","hum",3,5,4,4,68,"f","6-10"
"1242",415,"F224","1","hum","hum",2,2,2,3,68,"f","6-10"
"1243",415,"F227","1","hum","hum",4,4,4,4,68,"f","6-10"
"1244",415,"F313","2","ai","gpt",2,3,3,2,68,"f","6-10"
"1245",415,"F320","2","ai","gpt",2,2,4,2,68,"f","6-10"
"1246",415,"F343","2","ai","magenta",4,4,3,3,68,"f","6-10"
"1247",415,"F346","2","ai","magenta",3,3,3,3,68,"f","6-10"
"1248",415,"F354","2","ai","magenta",3,3,3,2,68,"f","6-10"
"1249",415,"F406","2","hum","hum",4,4,4,4,68,"f","6-10"
"1250",415,"F410","2","hum","hum",5,4,4,5,68,"f","6-10"
"1251",415,"F418","2","hum","hum",4,4,4,4,68,"f","6-10"
"1252",415,"F421","2","hum","hum",3,3,4,3,68,"f","6-10"
"1253",415,"F428","2","hum","hum",5,5,5,5,68,"f","6-10"
"1254",416,"F112","1","ai","gpt",3,3,4,3,40,"m","<6"
"1255",416,"F114","1","ai","gpt",1,4,1,1,40,"m","<6"
"1256",416,"F138","1","ai","magenta",3,3,3,3,40,"m","<6"
"1257",416,"F140","1","ai","magenta",2,1,1,2,40,"m","<6"
"1258",416,"F147","1","ai","magenta",2,2,2,2,40,"m","<6"
"1259",416,"F205","1","hum","hum",2,2,2,2,40,"m","<6"
"1260",416,"F208","1","hum","hum",4,4,3,3,40,"m","<6"
"1261",416,"F209","1","hum","hum",3,3,4,3,40,"m","<6"
"1262",416,"F223","1","hum","hum",4,4,3,5,40,"m","<6"
"1263",416,"F226","1","hum","hum",5,4,4,3,40,"m","<6"
"1264",416,"F305","2","ai","gpt",2,2,2,2,40,"m","<6"
"1265",416,"F322","2","ai","gpt",2,2,2,2,40,"m","<6"
"1266",416,"F326","2","ai","gpt",3,5,5,1,40,"m","<6"
"1267",416,"F341","2","ai","magenta",2,2,2,2,40,"m","<6"
"1268",416,"F350","2","ai","magenta",2,2,2,2,40,"m","<6"
"1269",416,"F404","2","hum","hum",5,4,4,5,40,"m","<6"
"1270",416,"F405","2","hum","hum",4,4,4,4,40,"m","<6"
"1271",416,"F409","2","hum","hum",3,3,3,3,40,"m","<6"
"1272",416,"F422","2","hum","hum",4,4,5,4,40,"m","<6"
"1273",416,"F426","2","hum","hum",2,4,2,2,40,"m","<6"
"1274",424,"F108","1","ai","gpt",1,1,1,1,61,"m",">10"
"1275",424,"F120","1","ai","gpt",1,2,4,2,61,"m",">10"
"1276",424,"F128","1","ai","magenta",1,1,1,1,61,"m",">10"
"1277",424,"F147","1","ai","magenta",1,1,2,1,61,"m",">10"
"1278",424,"F149","1","ai","magenta",1,1,1,1,61,"m",">10"
"1279",424,"F208","1","hum","hum",3,4,3,2,61,"m",">10"
"1280",424,"F211","1","hum","hum",3,4,3,4,61,"m",">10"
"1281",424,"F216","1","hum","hum",4,4,3,4,61,"m",">10"
"1282",424,"F221","1","hum","hum",3,4,2,3,61,"m",">10"
"1283",424,"F228","1","hum","hum",4,3,3,3,61,"m",">10"
"1284",424,"F313","2","ai","gpt",1,1,2,1,61,"m",">10"
"1285",424,"F332","2","ai","gpt",1,1,1,1,61,"m",">10"
"1286",424,"F358","2","ai","magenta",1,1,1,1,61,"m",">10"
"1287",424,"F361","2","ai","magenta",1,1,1,1,61,"m",">10"
"1288",424,"F415","2","hum","hum",4,4,3,3,61,"m",">10"
"1289",424,"F421","2","hum","hum",3,2,4,2,61,"m",">10"
"1290",424,"F423","2","hum","hum",5,5,4,4,61,"m",">10"
"1291",424,"F427","2","hum","hum",2,3,3,2,61,"m",">10"
"1292",424,"F428","2","hum","hum",4,4,3,4,61,"m",">10"
"1293",426,"F101","1","ai","gpt",3,3,4,3,57,"f","6-10"
"1294",426,"F106","1","ai","gpt",3,3,3,4,57,"f","6-10"
"1295",426,"F110","1","ai","gpt",2,3,4,2,57,"f","6-10"
"1296",426,"F121","1","ai","gpt",3,3,2,3,57,"f","6-10"
"1297",426,"F123","1","ai","gpt",4,3,3,3,57,"f","6-10"
"1298",426,"F208","1","hum","hum",3,2,3,4,57,"f","6-10"
"1299",426,"F215","1","hum","hum",4,3,3,3,57,"f","6-10"
"1300",426,"F217","1","hum","hum",4,4,2,4,57,"f","6-10"
"1301",426,"F218","1","hum","hum",2,2,4,3,57,"f","6-10"
"1302",426,"F223","1","hum","hum",4,3,4,5,57,"f","6-10"
"1303",426,"F304","2","ai","gpt",2,2,3,2,57,"f","6-10"
"1304",426,"F307","2","ai","gpt",4,3,4,3,57,"f","6-10"
"1305",426,"F315","2","ai","gpt",2,2,2,3,57,"f","6-10"
"1306",426,"F342","2","ai","magenta",2,2,3,3,57,"f","6-10"
"1307",426,"F351","2","ai","magenta",2,3,3,2,57,"f","6-10"
"1308",426,"F406","2","hum","hum",4,3,3,3,57,"f","6-10"
"1309",426,"F410","2","hum","hum",4,3,4,3,57,"f","6-10"
"1310",426,"F416","2","hum","hum",3,3,3,3,57,"f","6-10"
"1311",426,"F418","2","hum","hum",4,3,3,4,57,"f","6-10"
"1312",426,"F426","2","hum","hum",3,2,2,2,57,"f","6-10"
"1313",434,"F101","1","ai","gpt",3,3,2,2,23,"f","<6"
"1314",434,"F117","1","ai","gpt",3,3,3,3,23,"f","<6"
"1315",434,"F128","1","ai","magenta",2,2,2,1,23,"f","<6"
"1316",434,"F137","1","ai","magenta",4,5,4,4,23,"f","<6"
"1317",434,"F146","1","ai","magenta",3,3,3,3,23,"f","<6"
"1318",434,"F205","1","hum","hum",4,4,4,4,23,"f","<6"
"1319",434,"F215","1","hum","hum",2,2,2,2,23,"f","<6"
"1320",434,"F220","1","hum","hum",4,5,4,4,23,"f","<6"
"1321",434,"F227","1","hum","hum",3,3,3,3,23,"f","<6"
"1322",434,"F228","1","hum","hum",2,3,3,3,23,"f","<6"
"1323",434,"F304","2","ai","gpt",2,2,2,2,23,"f","<6"
"1324",434,"F308","2","ai","gpt",3,3,3,2,23,"f","<6"
"1325",434,"F319","2","ai","gpt",4,4,3,4,23,"f","<6"
"1326",434,"F339","2","ai","magenta",2,2,2,2,23,"f","<6"
"1327",434,"F346","2","ai","magenta",3,3,3,3,23,"f","<6"
"1328",434,"F401","2","hum","hum",4,4,4,4,23,"f","<6"
"1329",434,"F402","2","hum","hum",3,3,3,3,23,"f","<6"
"1330",434,"F407","2","hum","hum",5,5,5,5,23,"f","<6"
"1331",434,"F413","2","hum","hum",3,3,3,3,23,"f","<6"
"1332",434,"F415","2","hum","hum",2,2,4,3,23,"f","<6"
"1333",443,"F101","1","ai","gpt",1,3,1,1,61,"f",">10"
"1334",443,"F115","1","ai","gpt",2,3,2,2,61,"f",">10"
"1335",443,"F140","1","ai","magenta",2,4,3,2,61,"f",">10"
"1336",443,"F146","1","ai","magenta",2,4,3,3,61,"f",">10"
"1337",443,"F147","1","ai","magenta",1,2,1,1,61,"f",">10"
"1338",443,"F202","1","hum","hum",3,4,3,4,61,"f",">10"
"1339",443,"F204","1","hum","hum",3,4,2,3,61,"f",">10"
"1340",443,"F217","1","hum","hum",4,5,3,4,61,"f",">10"
"1341",443,"F222","1","hum","hum",4,5,5,4,61,"f",">10"
"1342",443,"F225","1","hum","hum",3,4,2,4,61,"f",">10"
"1343",443,"F302","2","ai","gpt",1,2,2,2,61,"f",">10"
"1344",443,"F307","2","ai","gpt",1,1,2,2,61,"f",">10"
"1345",443,"F326","2","ai","gpt",1,3,1,1,61,"f",">10"
"1346",443,"F337","2","ai","magenta",1,1,1,1,61,"f",">10"
"1347",443,"F338","2","ai","magenta",1,4,1,1,61,"f",">10"
"1348",443,"F405","2","hum","hum",4,4,4,4,61,"f",">10"
"1349",443,"F410","2","hum","hum",3,4,3,4,61,"f",">10"
"1350",443,"F418","2","hum","hum",4,4,4,4,61,"f",">10"
"1351",443,"F420","2","hum","hum",4,4,3,4,61,"f",">10"
"1352",443,"F428","2","hum","hum",4,4,3,4,61,"f",">10"
"1353",444,"F106","1","ai","gpt",2,2,1,1,29,"m","6-10"
"1354",444,"F120","1","ai","gpt",2,4,2,2,29,"m","6-10"
"1355",444,"F122","1","ai","gpt",1,3,1,2,29,"m","6-10"
"1356",444,"F139","1","ai","magenta",3,4,4,3,29,"m","6-10"
"1357",444,"F147","1","ai","magenta",2,2,2,2,29,"m","6-10"
"1358",444,"F201","1","hum","hum",3,4,3,3,29,"m","6-10"
"1359",444,"F210","1","hum","hum",3,5,2,2,29,"m","6-10"
"1360",444,"F216","1","hum","hum",2,3,2,2,29,"m","6-10"
"1361",444,"F220","1","hum","hum",3,3,4,3,29,"m","6-10"
"1362",444,"F226","1","hum","hum",3,4,3,3,29,"m","6-10"
"1363",444,"F301","2","ai","gpt",3,3,5,3,29,"m","6-10"
"1364",444,"F312","2","ai","gpt",3,2,4,3,29,"m","6-10"
"1365",444,"F319","2","ai","gpt",2,2,1,1,29,"m","6-10"
"1366",444,"F323","2","ai","gpt",4,3,4,3,29,"m","6-10"
"1367",444,"F403","2","hum","hum",2,2,4,2,29,"m","6-10"
"1368",444,"F406","2","hum","hum",5,3,4,3,29,"m","6-10"
"1369",444,"F415","2","hum","hum",2,2,2,2,29,"m","6-10"
"1370",444,"F417","2","hum","hum",3,2,3,2,29,"m","6-10"
"1371",444,"F426","2","hum","hum",2,3,1,2,29,"m","6-10"
"1372",445,"F105","1","ai","gpt",4,3,2,4,27,"f","6-10"
"1373",445,"F114","1","ai","gpt",2,2,2,3,27,"f","6-10"
"1374",445,"F131","1","ai","magenta",2,3,2,2,27,"f","6-10"
"1375",445,"F143","1","ai","magenta",3,3,1,3,27,"f","6-10"
"1376",445,"F150","1","ai","magenta",1,2,1,2,27,"f","6-10"
"1377",445,"F201","1","hum","hum",4,4,4,4,27,"f","6-10"
"1378",445,"F205","1","hum","hum",2,2,3,3,27,"f","6-10"
"1379",445,"F207","1","hum","hum",4,5,1,5,27,"f","6-10"
"1380",445,"F208","1","hum","hum",5,5,5,5,27,"f","6-10"
"1381",445,"F214","1","hum","hum",5,4,3,5,27,"f","6-10"
"1382",445,"F322","2","ai","gpt",2,3,3,4,27,"f","6-10"
"1383",445,"F341","2","ai","magenta",1,1,1,1,27,"f","6-10"
"1384",445,"F344","2","ai","magenta",2,1,1,1,27,"f","6-10"
"1385",445,"F349","2","ai","magenta",2,1,1,1,27,"f","6-10"
"1386",445,"F359","2","ai","magenta",3,3,1,2,27,"f","6-10"
"1387",445,"F406","2","hum","hum",3,3,4,2,27,"f","6-10"
"1388",445,"F409","2","hum","hum",4,4,3,4,27,"f","6-10"
"1389",445,"F410","2","hum","hum",4,3,4,5,27,"f","6-10"
"1390",445,"F412","2","hum","hum",4,5,4,4,27,"f","6-10"
"1391",445,"F420","2","hum","hum",4,5,4,5,27,"f","6-10"
"1392",453,"F109","1","ai","gpt",3,3,3,3,56,"f",">10"
"1393",453,"F112","1","ai","gpt",4,3,3,3,56,"f",">10"
"1394",453,"F124","1","ai","gpt",3,3,3,3,56,"f",">10"
"1395",453,"F127","1","ai","magenta",2,2,2,2,56,"f",">10"
"1396",453,"F150","1","ai","magenta",2,2,3,2,56,"f",">10"
"1397",453,"F206","1","hum","hum",4,4,4,4,56,"f",">10"
"1398",453,"F209","1","hum","hum",4,4,4,4,56,"f",">10"
"1399",453,"F218","1","hum","hum",3,3,3,3,56,"f",">10"
"1400",453,"F219","1","hum","hum",4,3,3,4,56,"f",">10"
"1401",453,"F228","1","hum","hum",4,4,4,4,56,"f",">10"
"1402",453,"F301","2","ai","gpt",5,5,5,5,56,"f",">10"
"1403",453,"F303","2","ai","gpt",4,4,4,4,56,"f",">10"
"1404",453,"F316","2","ai","gpt",5,5,5,5,56,"f",">10"
"1405",453,"F329","2","ai","gpt",4,4,5,4,56,"f",">10"
"1406",453,"F360","2","ai","magenta",4,4,4,4,56,"f",">10"
"1407",453,"F407","2","hum","hum",4,4,4,4,56,"f",">10"
"1408",453,"F408","2","hum","hum",4,4,4,4,56,"f",">10"
"1409",453,"F416","2","hum","hum",4,4,4,4,56,"f",">10"
"1410",453,"F423","2","hum","hum",5,5,5,5,56,"f",">10"
"1411",453,"F424","2","hum","hum",5,5,5,5,56,"f",">10"
